County,School_Year,Reported_enrollment,Percent_complete_for_all_immunizations,Percent_ Conditional,Percent_out_of_compliance,Percent_with_any_exemption,Percent_with_medical_exemption,Percent_with_personal_exemption,Percent_with_religious_exemption,Percent_with_religious_membership_exemption,Percent_complete_for_diphtheria_tetanus,Percent_complete_for_pertussis,Percent_complete_for_measles_mumps_rubella,Percent_ Complete_for_Measles,Percent_ Complete_for_Mumps,Percent_ Complete_for_Rubella,Percent_ Complete_for_Polio,Percent_ Complete_for_HepatitisB,Percent_ Complete_for_Varicella
ADAMS,2004-05,322,98.4%,0.6%,0.0%,0.9%,*,*,*,*,98.4%,*,*,99.1%,99.1%,99.1%,98.4%,98.4%,*
ADAMS,2005-06,241,94.6%,2.5%,1.7%,1.2%,*,*,*,*,95.4%,*,*,97.5%,97.1%,97.1%,95.0%,97.5%,*
ADAMS,2006-07,208,92.8%,1.0%,4.8%,1.4%,*,*,*,*,95.7%,95.7%,*,96.6%,98.6%,98.6%,96.6%,97.1%,96.6%
ADAMS,2007-08,347,91.9%,0.0%,4.6%,3.5%,*,*,*,*,95.1%,95.1%,*,96.3%,96.3%,96.3%,96.0%,96.5%,97.1%
ADAMS,2008-09,349,86.0%,0.0%,11.2%,2.9%,*,*,*,*,96.8%,96.8%,*,97.1%,97.1%,97.1%,97.7%,96.8%,88.0%
ADAMS,2009-10,357,95.0%,0.0%,3.4%,1.7%,*,*,*,*,98.0%,98.0%,*,98.3%,97.5%,97.5%,98.0%,97.8%,95.8%
ADAMS,2010-11,413,95.4%,0.5%,1.9%,2.2%,*,*,*,*,97.6%,97.3%,*,97.3%,97.3%,97.3%,97.3%,97.8%,96.4%
ADAMS,2011-12,374,94.9%,1.3%,1.1%,2.7%,*,*,*,*,97.6%,97.6%,*,98.1%,98.1%,98.1%,98.7%,98.9%,95.7%
ADAMS,2012-13,408,94.1%,0.0%,3.4%,2.5%,0.2%,1.5%,0.7%,0.0%,95.3%,95.3%,94.9%,*,*,*,95.3%,97.3%,94.6%
ADAMS,2013-14,468,88.7%,0.6%,9.0%,1.7%,0.2%,1.5%,0.0%,0.0%,90.8%,90.8%,90.2%,*,*,*,91.7%,97.4%,90.4%
ADAMS,2014-15,390,94.4%,2.3%,2.1%,1.3%,0.5%,0.8%,0.0%,0.0%,96.7%,96.7%,97.2%,*,*,*,96.2%,97.9%,95.4%
ADAMS,2015-16,446,93.9%,1.3%,4.0%,0.7%,0.0%,0.7%,0.0%,0.0%,95.7%,95.7%,96.0%,*,*,*,95.1%,99.8%,95.5%
ASOTIN,2004-05,210,85.7%,1.9%,11.0%,1.4%,*,*,*,*,75.2%,*,*,74.3%,79.5%,80.0%,76.7%,81.9%,*
ASOTIN,2005-06,156,86.5%,1.9%,9.6%,1.9%,*,*,*,*,88.5%,*,*,89.7%,96.8%,96.8%,89.1%,94.9%,*
ASOTIN,2006-07,231,86.1%,1.3%,9.1%,3.5%,*,*,*,*,92.2%,92.2%,*,92.6%,96.5%,96.5%,93.1%,97.4%,92.6%
ASOTIN,2007-08,208,82.7%,1.0%,11.5%,4.8%,*,*,*,*,87.5%,88.9%,*,87.0%,87.0%,87.0%,90.4%,94.7%,97.1%
ASOTIN,2008-09,214,57.5%,4.2%,29.4%,8.9%,*,*,*,*,80.8%,81.3%,*,80.8%,80.8%,80.8%,80.8%,86.4%,61.7%
ASOTIN,2009-10,205,76.1%,3.4%,12.7%,7.8%,*,*,*,*,88.3%,88.3%,*,97.1%,87.3%,87.3%,89.8%,90.2%,82.0%
ASOTIN,2010-11,151,55.0%,0.7%,39.1%,5.3%,*,*,*,*,62.9%,62.9%,*,60.9%,60.9%,60.9%,62.9%,74.8%,60.9%
ASOTIN,2011-12,262,74.8%,3.4%,14.5%,7.3%,*,*,*,*,83.2%,83.2%,*,82.8%,81.7%,82.8%,86.3%,88.9%,79.4%
ASOTIN,2012-13,254,92.1%,2.0%,1.6%,4.3%,1.6%,2.4%,0.4%,0.0%,96.1%,96.1%,95.7%,*,*,*,96.1%,96.5%,92.9%
ASOTIN,2013-14,58,91.4%,5.2%,1.7%,1.7%,1.7%,0.0%,0.0%,0.0%,98.3%,98.3%,94.8%,*,*,*,98.3%,100.0%,91.4%
ASOTIN,2014-15,248,78.2%,3.2%,14.1%,4.4%,1.6%,2.4%,0.4%,0.0%,87.1%,86.7%,86.3%,*,*,*,87.9%,94.0%,83.1%
ASOTIN,2015-16,61,88.5%,6.6%,0.0%,4.9%,1.6%,3.3%,0.0%,0.0%,91.8%,91.8%,90.2%,*,*,*,91.8%,96.7%,88.5%
BENTON,2004-05,"2,765",94.8%,1.4%,1.1%,2.6%,*,*,*,*,95.4%,*,*,97.3%,96.9%,96.9%,96.1%,96.2%,*
BENTON,2005-06,"2,647",94.2%,1.5%,1.1%,3.2%,*,*,*,*,96.0%,*,*,97.0%,97.6%,97.6%,96.3%,96.4%,*
BENTON,2006-07,"2,179",92.7%,0.6%,2.6%,4.1%,*,*,*,*,95.8%,95.3%,*,95.0%,96.2%,96.2%,95.5%,96.8%,96.0%
BENTON,2007-08,"2,259",90.7%,1.6%,4.0%,3.7%,*,*,*,*,94.5%,94.5%,*,93.8%,93.9%,93.9%,94.6%,96.1%,96.4%
BENTON,2008-09,"3,676",89.4%,2.1%,3.5%,4.9%,*,*,*,*,96.1%,95.8%,*,95.8%,95.7%,95.8%,96.0%,96.7%,92.0%
BENTON,2009-10,"4,015",92.2%,2.3%,1.6%,3.9%,*,*,*,*,96.4%,96.3%,*,98.0%,96.9%,96.9%,97.1%,96.8%,96.1%
BENTON,2010-11,"2,976",88.3%,1.6%,5.4%,4.7%,*,*,*,*,95.5%,95.3%,*,94.9%,94.8%,94.7%,95.5%,96.9%,93.6%
BENTON,2011-12,"2,452",90.5%,2.1%,4.1%,3.3%,*,*,*,*,93.4%,93.4%,*,92.9%,93.0%,93.0%,93.3%,95.4%,92.9%
BENTON,2012-13,"2,623",90.9%,1.4%,2.3%,3.0%,0.5%,2.3%,0.2%,0.0%,94.8%,95.1%,95.3%,*,*,*,95.0%,96.6%,94.5%
BENTON,2013-14,"2,789",90.5%,1.3%,4.7%,3.4%,0.7%,2.5%,0.1%,0.1%,94.4%,94.6%,94.2%,*,*,*,94.4%,96.2%,94.4%
BENTON,2014-15,"2,866",92.4%,1.8%,3.5%,2.4%,0.7%,1.6%,0.1%,0.0%,95.8%,95.8%,95.8%,*,*,*,95.9%,96.8%,95.2%
BENTON,2015-16,"2,624",94.2%,1.8%,1.7%,2.3%,0.3%,1.9%,0.0%,0.0%,96.6%,96.8%,96.6%,*,*,*,96.7%,97.2%,96.2%
CHELAN,2004-05,"1,068",89.1%,0.3%,8.1%,2.4%,*,*,*,*,95.3%,*,*,97.3%,96.5%,96.6%,94.2%,93.1%,*
CHELAN,2005-06,990,88.4%,0.7%,8.6%,2.3%,*,*,*,*,95.1%,*,*,96.1%,97.6%,97.5%,94.9%,92.2%,*
CHELAN,2006-07,"1,047",91.7%,0.1%,4.9%,3.3%,*,*,*,*,96.1%,96.2%,*,95.7%,97.6%,97.6%,96.9%,96.5%,95.4%
CHELAN,2007-08,903,86.3%,0.3%,10.3%,3.1%,*,*,*,*,93.0%,93.1%,*,92.9%,92.9%,92.9%,93.8%,95.1%,94.4%
CHELAN,2008-09,924,87.3%,0.4%,8.0%,4.2%,*,*,*,*,96.3%,96.1%,*,95.8%,95.8%,95.8%,96.1%,96.4%,91.5%
CHELAN,2009-10,248,86.7%,0.8%,11.7%,0.8%,*,*,*,*,94.0%,94.0%,*,98.4%,94.8%,94.8%,96.0%,96.8%,91.1%
CHELAN,2010-11,904,93.4%,0.6%,2.9%,3.2%,*,*,*,*,96.7%,96.6%,*,96.3%,96.3%,96.3%,96.8%,96.2%,95.7%
CHELAN,2011-12,"1,225",92.7%,0.8%,2.8%,3.8%,*,*,*,*,96.2%,96.2%,*,96.6%,96.6%,96.6%,96.3%,96.9%,95.8%
CHELAN,2012-13,860,94.7%,0.3%,2.1%,2.9%,0.6%,2.4%,0.1%,0.0%,97.2%,97.2%,96.7%,*,*,*,97.4%,96.9%,95.9%
CHELAN,2013-14,999,93.6%,0.5%,3.3%,2.6%,0.2%,2.3%,0.1%,0.0%,95.7%,95.7%,95.8%,*,*,*,95.7%,96.6%,95.7%
CHELAN,2014-15,"1,014",93.8%,1.1%,1.4%,3.7%,0.6%,2.9%,0.2%,0.1%,96.2%,96.2%,95.6%,*,*,*,95.6%,96.1%,95.4%
CHELAN,2015-16,981,94.4%,0.9%,1.4%,3.3%,0.5%,2.8%,0.1%,0.0%,96.7%,96.7%,97.5%,*,*,*,96.4%,96.4%,96.6%
CLALLAM,2004-05,559,91.2%,2.7%,2.3%,4.6%,*,*,*,*,93.7%,*,*,92.2%,95.6%,95.5%,94.3%,95.3%,*
CLALLAM,2005-06,444,90.5%,1.1%,2.3%,6.1%,*,*,*,*,92.1%,*,*,95.9%,95.0%,95.0%,91.9%,91.7%,*
CLALLAM,2006-07,595,83.9%,3.2%,5.0%,7.9%,*,*,*,*,89.4%,89.4%,*,90.3%,93.9%,93.9%,90.3%,91.1%,89.2%
CLALLAM,2007-08,555,82.3%,1.4%,8.3%,7.9%,*,*,*,*,88.3%,88.3%,*,90.3%,90.8%,90.3%,87.9%,90.8%,90.6%
CLALLAM,2008-09,548,80.7%,5.8%,2.2%,11.3%,*,*,*,*,90.9%,90.9%,*,90.5%,90.5%,90.5%,90.1%,92.5%,85.2%
CLALLAM,2009-10,528,75.9%,5.1%,7.4%,11.6%,*,*,*,*,88.8%,88.3%,*,94.3%,88.3%,88.3%,87.3%,91.3%,82.4%
CLALLAM,2010-11,465,80.9%,3.0%,4.1%,12.0%,*,*,*,*,89.2%,89.2%,*,89.0%,89.0%,89.0%,89.7%,91.4%,84.7%
CLALLAM,2011-12,544,80.3%,4.6%,8.1%,7.0%,*,*,*,*,89.2%,89.2%,*,89.5%,89.5%,89.5%,89.9%,92.3%,84.4%
CLALLAM,2012-13,387,80.9%,1.3%,13.7%,4.1%,1.6%,3.4%,0.0%,0.0%,89.1%,89.4%,88.9%,*,*,*,88.6%,92.8%,84.5%
CLALLAM,2013-14,584,77.9%,4.3%,12.8%,5.0%,1.4%,3.6%,0.0%,0.0%,84.1%,84.1%,84.9%,*,*,*,83.2%,88.4%,82.4%
CLALLAM,2014-15,305,76.1%,2.3%,18.4%,3.3%,0.7%,3.0%,0.0%,0.0%,84.3%,83.9%,87.2%,*,*,*,84.3%,93.4%,83.6%
CLALLAM,2015-16,645,78.3%,2.9%,13.6%,5.1%,1.1%,3.9%,0.2%,0.0%,83.4%,83.4%,86.2%,*,*,*,84.0%,89.3%,83.4%
CLARK,2004-05,"5,513",91.4%,1.4%,2.7%,4.5%,*,*,*,*,94.7%,*,*,96.4%,96.0%,96.0%,94.7%,94.9%,*
CLARK,2005-06,"4,856",88.8%,2.3%,3.4%,5.4%,*,*,*,*,92.6%,*,*,95.6%,96.5%,96.5%,93.3%,93.6%,*
CLARK,2006-07,"5,510",84.1%,1.5%,8.2%,6.1%,*,*,*,*,91.6%,92.1%,*,91.1%,95.7%,95.7%,92.7%,92.3%,92.3%
CLARK,2007-08,"5,035",81.5%,1.7%,9.6%,7.2%,*,*,*,*,87.7%,87.8%,*,87.6%,87.5%,87.5%,89.3%,90.8%,92.2%
CLARK,2008-09,"5,159",75.2%,3.6%,9.5%,11.7%,*,*,*,*,87.3%,89.0%,*,87.4%,87.3%,87.2%,88.2%,89.6%,81.1%
CLARK,2009-10,"5,037",80.5%,2.8%,7.9%,8.8%,*,*,*,*,88.5%,88.7%,*,93.6%,88.6%,88.9%,89.3%,90.2%,86.0%
CLARK,2010-11,"5,076",84.3%,0.9%,6.8%,8.0%,*,*,*,*,88.4%,88.9%,*,89.7%,89.6%,89.6%,90.0%,91.0%,88.0%
CLARK,2011-12,"5,491",87.1%,1.5%,5.2%,6.2%,*,*,*,*,90.8%,90.8%,*,90.9%,90.8%,90.8%,91.0%,92.7%,89.8%
CLARK,2012-13,"5,606",79.6%,1.9%,12.1%,6.4%,1.0%,4.8%,0.7%,0.4%,87.9%,87.8%,87.9%,*,*,*,88.0%,88.4%,86.4%
CLARK,2013-14,"5,347",79.2%,2.1%,11.6%,7.2%,1.0%,5.4%,0.4%,0.4%,86.4%,86.3%,86.5%,*,*,*,86.0%,88.1%,85.1%
CLARK,2014-15,"5,742",76.6%,2.3%,14.2%,6.9%,1.3%,5.1%,0.4%,0.2%,84.0%,84.0%,85.4%,*,*,*,83.3%,87.6%,83.4%
CLARK,2015-16,"5,620",76.7%,2.5%,13.3%,7.5%,1.2%,5.9%,0.3%,0.3%,84.0%,84.0%,84.4%,*,*,*,82.7%,86.9%,82.6%
COLUMBIA,2004-05,36,86.1%,5.6%,5.6%,2.8%,*,*,*,*,94.4%,*,*,91.7%,91.7%,91.7%,91.7%,100.0%,*
COLUMBIA,2005-06,25,60.0%,12.0%,24.0%,4.0%,*,*,*,*,68.0%,*,*,68.0%,68.0%,68.0%,68.0%,80.0%,*
COLUMBIA,2006-07,40,70.0%,5.0%,17.5%,7.5%,*,*,*,*,77.5%,77.5%,*,77.5%,77.5%,77.5%,77.5%,85.0%,85.0%
COLUMBIA,2007-08,No report,No report,No report,No report,No report,*,*,*,*,No report,No report,*,No report,No report,No report,No report,No report,No report
COLUMBIA,2008-09,25,64.0%,0.0%,20.0%,16.0%,*,*,*,*,88.0%,88.0%,*,88.0%,88.0%,88.0%,88.0%,92.0%,64.0%
COLUMBIA,2009-10,24,62.5%,0.0%,25.0%,12.5%,*,*,*,*,79.2%,79.2%,*,87.5%,79.2%,79.2%,79.2%,83.3%,62.5%
COLUMBIA,2010-11,No report,No report,No report,No report,No report,*,*,*,*,No report,No report,*,No report,No report,No report,No report,No report,No report
COLUMBIA,2011-12,No report,No report,No report,No report,No report,*,*,*,*,No report,No report,*,No report,No report,No report,No report,No report,No report
COLUMBIA,2012-13,5,100.0%,0.0%,0.0%,0.0%,0.0%,0.0%,0.0%,0.0%,100.0%,100.0%,100.0%,*,*,*,100.0%,100.0%,100.0%
COLUMBIA,2013-14,3,100.0%,0.0%,0.0%,0.0%,0.0%,0.0%,0.0%,0.0%,100.0%,100.0%,100.0%,*,*,*,100.0%,100.0%,100.0%
COLUMBIA,2014-15,39,69.2%,0.0%,25.6%,5.1%,5.1%,0.0%,0.0%,0.0%,76.9%,76.9%,84.6%,*,*,*,76.9%,82.1%,79.5%
COLUMBIA,2015-16,25,56.0%,4.0%,40.0%,0.0%,0.0%,0.0%,0.0%,0.0%,72.0%,72.0%,72.0%,*,*,*,72.0%,80.0%,68.0%
COWLITZ,2004-05,"1,190",95.8%,1.6%,0.1%,2.2%,*,*,*,*,98.2%,*,*,98.7%,98.7%,98.7%,97.8%,97.6%,*
COWLITZ,2005-06,"1,407",94.7%,1.9%,0.8%,2.6%,*,*,*,*,97.1%,*,*,98.2%,97.5%,97.5%,97.2%,97.4%,*
COWLITZ,2006-07,"1,234",92.5%,2.4%,1.3%,3.8%,*,*,*,*,95.1%,95.7%,*,95.4%,97.2%,97.2%,96.0%,95.7%,96.7%
COWLITZ,2007-08,"1,345",94.1%,1.9%,0.4%,3.6%,*,*,*,*,96.7%,96.5%,*,96.8%,96.8%,96.9%,97.0%,97.4%,97.0%
COWLITZ,2008-09,"1,246",90.3%,3.4%,1.8%,4.5%,*,*,*,*,96.5%,95.6%,*,95.7%,95.7%,95.5%,95.9%,96.3%,93.1%
COWLITZ,2009-10,"1,013",89.6%,5.2%,1.9%,3.3%,*,*,*,*,95.1%,93.1%,*,97.1%,94.6%,94.6%,94.3%,95.5%,93.4%
COWLITZ,2010-11,"1,350",91.9%,1.0%,2.6%,4.4%,*,*,*,*,94.4%,94.4%,*,94.5%,94.4%,94.5%,95.0%,95.9%,93.6%
COWLITZ,2011-12,"1,297",91.4%,3.1%,2.3%,3.2%,*,*,*,*,94.7%,94.8%,*,94.4%,94.4%,94.4%,94.5%,95.9%,93.1%
COWLITZ,2012-13,"1,273",91.7%,1.5%,2.1%,4.7%,1.3%,3.3%,0.1%,0.2%,94.2%,94.2%,94.1%,*,*,*,94.1%,95.5%,93.7%
COWLITZ,2013-14,"1,353",89.8%,1.9%,4.0%,4.3%,1.1%,2.9%,0.3%,0.0%,93.2%,93.1%,92.8%,*,*,*,93.3%,94.5%,92.0%
COWLITZ,2014-15,"1,304",88.9%,2.8%,4.9%,3.4%,1.1%,2.1%,0.1%,0.1%,91.3%,91.4%,91.6%,*,*,*,91.3%,94.7%,91.5%
COWLITZ,2015-16,"1,224",88.6%,2.8%,5.1%,3.4%,0.7%,2.6%,0.2%,0.0%,91.3%,91.3%,91.9%,*,*,*,91.0%,94.2%,91.5%
DOUGLAS,2004-05,363,89.0%,4.1%,0.8%,6.1%,*,*,*,*,96.7%,*,*,98.6%,95.3%,95.3%,95.9%,94.8%,*
DOUGLAS,2005-06,585,97.8%,1.0%,0.2%,1.0%,*,*,*,*,99.0%,*,*,99.0%,99.3%,99.3%,99.3%,98.1%,*
DOUGLAS,2006-07,526,97.1%,0.0%,0.8%,2.1%,*,*,*,*,97.3%,97.0%,*,97.0%,97.5%,97.5%,97.3%,97.9%,97.7%
DOUGLAS,2007-08,497,93.4%,0.8%,2.4%,3.4%,*,*,*,*,97.6%,97.4%,*,97.6%,98.4%,98.4%,97.2%,97.2%,97.4%
DOUGLAS,2008-09,470,95.7%,0.9%,1.9%,1.5%,*,*,*,*,98.7%,97.9%,*,98.9%,98.9%,98.9%,98.5%,98.9%,97.7%
DOUGLAS,2009-10,481,95.4%,1.5%,0.4%,2.7%,*,*,*,*,98.1%,98.1%,*,98.8%,97.3%,97.3%,97.7%,98.1%,96.3%
DOUGLAS,2010-11,547,95.8%,0.4%,2.7%,1.1%,*,*,*,*,97.6%,97.4%,*,97.4%,97.4%,97.4%,97.6%,99.1%,98.9%
DOUGLAS,2011-12,453,87.4%,0.2%,11.5%,0.9%,*,*,*,*,88.7%,88.7%,*,88.5%,88.5%,88.5%,88.7%,91.2%,89.6%
DOUGLAS,2012-13,527,93.2%,0.2%,6.1%,0.6%,0.4%,0.2%,0.0%,0.0%,94.3%,94.3%,95.6%,*,*,*,94.3%,97.2%,95.1%
DOUGLAS,2013-14,581,91.9%,0.2%,6.5%,1.4%,0.5%,0.5%,0.2%,0.2%,93.3%,93.3%,93.1%,*,*,*,93.1%,94.5%,92.8%
DOUGLAS,2014-15,535,90.7%,0.9%,7.3%,1.1%,1.9%,0.9%,0.0%,0.0%,93.1%,93.1%,93.8%,*,*,*,93.3%,97.4%,93.3%
DOUGLAS,2015-16,511,90.2%,0.8%,8.2%,0.8%,0.4%,0.4%,0.0%,0.0%,93.3%,93.3%,93.7%,*,*,*,92.8%,95.9%,93.0%
FERRY,2004-05,79,81.0%,2.5%,7.6%,8.9%,*,*,*,*,89.9%,*,*,89.9%,89.9%,89.9%,86.1%,88.6%,*
FERRY,2005-06,63,68.3%,4.8%,12.7%,14.3%,*,*,*,*,81.0%,*,*,77.8%,87.3%,87.3%,81.0%,92.1%,*
FERRY,2006-07,67,61.2%,4.5%,7.5%,26.9%,*,*,*,*,79.1%,83.6%,*,85.1%,92.5%,92.5%,79.1%,88.1%,73.1%
FERRY,2007-08,66,65.2%,3.0%,6.1%,25.8%,*,*,*,*,86.4%,81.8%,*,81.8%,81.8%,81.8%,83.3%,89.4%,72.7%
FERRY,2008-09,76,31.6%,1.3%,15.8%,51.3%,*,*,*,*,71.1%,71.1%,*,65.8%,65.8%,65.8%,75.0%,82.9%,39.5%
FERRY,2009-10,73,49.3%,4.1%,5.5%,41.1%,*,*,*,*,76.7%,76.7%,*,84.9%,74.0%,74.0%,80.8%,79.5%,56.2%
FERRY,2010-11,62,62.9%,0.0%,12.9%,24.2%,*,*,*,*,82.3%,82.3%,*,77.4%,77.4%,77.4%,80.6%,91.9%,62.9%
FERRY,2011-12,27,66.7%,3.7%,3.7%,25.9%,*,*,*,*,88.9%,88.9%,*,92.6%,92.6%,92.6%,88.9%,92.6%,74.1%
FERRY,2012-13,85,83.5%,0.0%,8.2%,8.2%,0.0%,4.7%,3.5%,3.5%,92.9%,92.9%,91.8%,*,*,*,90.6%,94.1%,85.9%
FERRY,2013-14,44,56.8%,4.5%,27.3%,11.4%,4.5%,4.5%,4.5%,0.0%,75.0%,75.0%,72.7%,*,*,*,75.0%,86.4%,70.5%
FERRY,2014-15,44,65.9%,2.3%,22.7%,9.1%,4.5%,4.5%,0.0%,0.0%,77.3%,77.3%,77.3%,*,*,*,77.3%,84.1%,72.7%
FERRY,2015-16,34,82.4%,2.9%,14.7%,0.0%,0.0%,0.0%,0.0%,0.0%,94.1%,94.1%,94.1%,*,*,*,85.3%,100.0%,91.2%
FRANKLIN,2004-05,"1,084",95.2%,1.5%,1.2%,1.6%,*,*,*,*,97.1%,*,*,99.1%,98.2%,98.2%,97.1%,97.1%,*
FRANKLIN,2005-06,"1,083",95.8%,1.9%,1.0%,1.3%,*,*,*,*,97.4%,*,*,98.3%,98.7%,98.7%,98.0%,98.2%,*
FRANKLIN,2006-07,"1,236",96.7%,1.9%,0.0%,1.5%,*,*,*,*,98.2%,98.3%,*,98.3%,99.3%,99.3%,98.5%,98.0%,98.8%
FRANKLIN,2007-08,"1,287",92.4%,4.1%,1.7%,1.8%,*,*,*,*,96.6%,96.5%,*,94.8%,94.8%,94.9%,94.6%,97.7%,98.1%
FRANKLIN,2008-09,"1,477",91.1%,2.5%,2.6%,3.8%,*,*,*,*,96.8%,96.7%,*,95.1%,95.7%,95.7%,96.5%,97.1%,93.4%
FRANKLIN,2009-10,"1,382",94.9%,1.3%,1.4%,2.5%,*,*,*,*,98.0%,98.0%,*,98.5%,97.5%,96.8%,97.9%,98.4%,96.5%
FRANKLIN,2010-11,"1,410",94.0%,1.2%,1.3%,3.4%,*,*,*,*,97.0%,96.9%,*,97.4%,97.4%,97.4%,97.0%,98.3%,96.6%
FRANKLIN,2011-12,"1,656",95.7%,1.1%,1.4%,1.8%,*,*,*,*,96.6%,96.6%,*,97.2%,97.2%,97.2%,97.2%,98.3%,97.0%
FRANKLIN,2012-13,"1,189",96.7%,0.5%,0.8%,1.9%,1.1%,0.8%,0.0%,0.0%,98.1%,98.1%,97.9%,*,*,*,98.3%,98.7%,98.1%
FRANKLIN,2013-14,"1,658",96.7%,0.8%,1.4%,1.1%,0.1%,1.0%,0.0%,0.0%,98.1%,98.1%,97.8%,*,*,*,98.1%,98.7%,97.7%
FRANKLIN,2014-15,"1,546",95.2%,2.0%,1.6%,1.2%,0.2%,0.8%,0.1%,0.0%,97.3%,97.3%,96.8%,*,*,*,97.4%,98.2%,96.2%
FRANKLIN,2015-16,"1,586",94.1%,2.5%,2.3%,1.1%,0.4%,0.7%,0.0%,0.0%,95.8%,95.8%,96.0%,*,*,*,95.8%,97.0%,95.6%
GARFIELD,2004-05,21,90.5%,0.0%,9.5%,0.0%,*,*,*,*,90.5%,*,*,100.0%,90.5%,90.5%,90.5%,90.5%,*
GARFIELD,2005-06,18,88.9%,11.1%,0.0%,0.0%,*,*,*,*,94.4%,*,*,100.0%,88.9%,88.9%,94.4%,94.4%,*
GARFIELD,2006-07,27,74.1%,0.0%,22.2%,3.7%,*,*,*,*,88.9%,88.9%,*,92.6%,100.0%,100.0%,88.9%,100.0%,88.9%
GARFIELD,2007-08,22,100.0%,0.0%,0.0%,0.0%,*,*,*,*,100.0%,100.0%,*,100.0%,100.0%,100.0%,100.0%,100.0%,100.0%
GARFIELD,2008-09,16,87.5%,6.3%,6.3%,0.0%,*,*,*,*,87.5%,87.5%,*,87.5%,87.5%,87.5%,100.0%,100.0%,100.0%
GARFIELD,2009-10,No report,No report,No report,No report,No report,*,*,*,*,No report,No report,No report,No report,No report,No report,No report,No report,No report
GARFIELD,2010-11,No report,No report,No report,No report,No report,*,*,*,*,No report,No report,No report,No report,No report,No report,No report,No report,No report
GARFIELD,2011-12,27,92.6%,3.7%,0.0%,3.7%,*,*,*,*,92.6%,92.6%,*,88.9%,88.9%,88.9%,92.6%,100.0%,100.0%
GARFIELD,2012-13,23,95.7%,4.3%,0.0%,0.0%,0.0%,0.0%,0.0%,0.0%,95.7%,95.7%,100.0%,*,*,*,100.0%,100.0%,100.0%
GARFIELD,2013-14,29,82.8%,13.8%,0.0%,3.4%,0.0%,3.4%,0.0%,0.0%,86.2%,86.2%,89.7%,*,*,*,82.8%,89.7%,86.2%
GARFIELD,2014-15,23,95.7%,4.3%,0.0%,0.0%,0.0%,0.0%,0.0%,0.0%,95.7%,95.7%,95.7%,*,*,*,95.7%,95.7%,95.7%
GARFIELD,2015-16,19,89.5%,0.0%,5.3%,5.3%,0.0%,5.3%,0.0%,0.0%,94.7%,94.7%,100.0%,*,*,*,94.7%,94.7%,94.7%
GRANT,2004-05,"1,396",93.6%,1.9%,3.4%,1.9%,*,*,*,*,96.5%,*,*,98.9%,98.4%,98.4%,96.5%,96.6%,*
GRANT,2005-06,"1,130",89.9%,1.8%,4.6%,3.7%,*,*,*,*,93.2%,*,*,96.2%,97.3%,97.3%,94.2%,94.7%,*
GRANT,2006-07,"1,002",85.5%,0.9%,8.5%,5.1%,*,*,*,*,88.8%,89.4%,*,91.3%,95.6%,95.6%,92.3%,93.3%,93.8%
GRANT,2007-08,"1,248",85.7%,0.8%,9.9%,3.7%,*,*,*,*,92.1%,92.5%,*,91.5%,91.6%,91.6%,93.2%,94.5%,93.5%
GRANT,2008-09,"1,518",80.8%,1.1%,13.9%,4.2%,*,*,*,*,91.3%,91.4%,*,91.4%,91.4%,91.4%,92.4%,93.7%,85.6%
GRANT,2009-10,"1,011",85.8%,0.7%,10.6%,3.0%,*,*,*,*,91.6%,91.5%,*,96.4%,92.5%,92.5%,92.5%,93.9%,90.3%
GRANT,2010-11,"1,757",81.6%,0.5%,14.0%,3.9%,*,*,*,*,90.7%,89.7%,*,89.1%,89.0%,89.0%,90.7%,92.6%,88.4%
GRANT,2011-12,"1,229",84.1%,0.5%,13.2%,2.2%,*,*,*,*,91.0%,91.0%,*,91.0%,90.6%,90.6%,91.5%,94.8%,88.7%
GRANT,2012-13,"1,420",91.2%,0.8%,6.2%,1.8%,0.4%,1.3%,0.4%,0.0%,94.0%,95.4%,94.6%,*,*,*,93.7%,96.3%,93.5%
GRANT,2013-14,"1,516",92.6%,0.5%,5.1%,1.8%,0.3%,1.1%,0.3%,0.1%,94.7%,94.7%,94.9%,*,*,*,94.3%,97.4%,94.3%
GRANT,2014-15,"1,483",89.9%,1.5%,6.9%,1.8%,0.3%,1.1%,0.1%,0.2%,92.9%,92.9%,93.1%,*,*,*,93.1%,95.9%,93.1%
GRANT,2015-16,"1,498",88.2%,1.3%,8.3%,2.3%,0.3%,1.7%,0.3%,0.1%,92.0%,91.9%,92.4%,*,*,*,91.1%,95.8%,92.0%
GRAYS HARBOR,2004-05,948,83.8%,8.5%,3.2%,4.5%,*,*,*,*,89.0%,*,*,96.2%,95.8%,95.8%,89.2%,94.8%,*
GRAYS HARBOR,2005-06,787,85.9%,3.2%,6.1%,4.8%,*,*,*,*,88.3%,*,*,90.5%,94.5%,94.5%,89.3%,93.3%,*
GRAYS HARBOR,2006-07,859,79.5%,4.8%,11.1%,4.2%,*,*,*,*,90.2%,87.5%,*,87.7%,93.7%,93.7%,88.5%,92.0%,90.3%
GRAYS HARBOR,2007-08,791,76.9%,2.8%,15.4%,4.9%,*,*,*,*,82.8%,82.8%,*,83.9%,83.9%,83.9%,83.8%,91.8%,85.8%
GRAYS HARBOR,2008-09,856,72.4%,7.9%,13.2%,6.4%,*,*,*,*,85.9%,86.0%,*,86.0%,86.0%,86.0%,87.3%,93.2%,75.1%
GRAYS HARBOR,2009-10,554,73.3%,7.6%,14.3%,4.9%,*,*,*,*,84.1%,84.5%,*,91.9%,85.0%,85.0%,86.3%,89.9%,78.9%
GRAYS HARBOR,2010-11,807,81.8%,3.5%,10.5%,4.2%,*,*,*,*,89.0%,89.1%,*,91.0%,91.0%,91.0%,90.2%,94.1%,88.8%
GRAYS HARBOR,2011-12,819,84.5%,2.8%,10.0%,2.7%,*,*,*,*,88.6%,88.6%,*,89.9%,89.9%,89.9%,89.6%,93.3%,88.6%
GRAYS HARBOR,2012-13,851,86.7%,3.3%,8.0%,2.0%,0.1%,1.5%,0.1%,0.2%,90.6%,90.6%,92.5%,*,*,*,92.0%,96.4%,89.7%
GRAYS HARBOR,2013-14,763,81.4%,4.5%,11.0%,3.1%,0.4%,2.6%,0.0%,0.1%,86.9%,86.9%,87.3%,*,*,*,86.4%,93.1%,85.5%
GRAYS HARBOR,2014-15,819,74.0%,3.1%,20.3%,2.7%,1.5%,1.1%,0.1%,0.1%,78.8%,78.8%,78.4%,*,*,*,77.0%,85.3%,77.8%
GRAYS HARBOR,2015-16,793,81.3%,4.7%,12.0%,2.0%,0.4%,1.5%,0.0%,0.1%,88.9%,88.9%,88.1%,*,*,*,87.0%,92.2%,87.0%
ISLAND,2004-05,645,80.6%,2.3%,7.0%,10.1%,*,*,*,*,87.0%,*,*,91.3%,91.3%,91.3%,86.0%,88.5%,*
ISLAND,2005-06,666,79.9%,1.2%,7.8%,11.1%,*,*,*,*,87.1%,*,*,92.8%,92.2%,92.2%,86.6%,86.3%,*
ISLAND,2006-07,647,80.2%,0.9%,9.9%,9.0%,*,*,*,*,87.5%,88.7%,*,87.5%,94.0%,94.0%,88.1%,90.0%,87.5%
ISLAND,2007-08,672,74.0%,3.6%,8.6%,13.8%,*,*,*,*,84.7%,85.0%,*,83.2%,83.2%,83.2%,85.6%,85.9%,85.4%
ISLAND,2008-09,571,70.9%,4.0%,14.7%,10.3%,*,*,*,*,86.0%,86.2%,*,86.7%,86.7%,86.7%,86.3%,87.7%,77.4%
ISLAND,2009-10,563,77.1%,3.2%,10.8%,8.9%,*,*,*,*,89.5%,89.9%,*,95.4%,89.2%,89.2%,89.5%,89.2%,84.2%
ISLAND,2010-11,677,79.6%,1.2%,7.5%,11.7%,*,*,*,*,90.4%,90.3%,*,90.8%,90.8%,90.8%,90.8%,88.9%,88.6%
ISLAND,2011-12,670,87.8%,3.4%,1.9%,6.9%,*,*,*,*,93.1%,93.1%,*,93.0%,93.0%,93.0%,92.8%,93.1%,90.6%
ISLAND,2012-13,791,87.5%,2.4%,5.1%,5.1%,1.5%,3.3%,0.3%,0.1%,94.2%,94.2%,92.7%,*,*,*,93.9%,94.2%,90.9%
ISLAND,2013-14,777,74.4%,2.2%,17.2%,6.3%,1.9%,4.9%,0.4%,0.0%,80.7%,80.6%,80.3%,*,*,*,81.0%,88.5%,82.4%
ISLAND,2014-15,747,83.4%,2.1%,8.2%,6.3%,2.7%,3.2%,0.8%,0.0%,87.3%,87.1%,87.1%,*,*,*,87.4%,90.8%,86.5%
ISLAND,2015-16,801,85.4%,2.7%,6.9%,5.0%,1.5%,3.6%,0.1%,0.0%,90.4%,90.4%,90.0%,*,*,*,88.9%,91.8%,89.0%
JEFFERSON,2004-05,212,72.6%,1.4%,17.5%,8.5%,*,*,*,*,83.5%,*,*,91.5%,90.6%,91.5%,84.0%,80.2%,*
JEFFERSON,2005-06,98,74.5%,5.1%,1.0%,19.4%,*,*,*,*,80.6%,*,*,87.8%,90.8%,90.8%,80.6%,82.7%,*
JEFFERSON,2006-07,188,57.4%,0.5%,27.1%,14.9%,*,*,*,*,76.6%,71.8%,*,70.2%,79.8%,79.8%,75.5%,76.1%,75.5%
JEFFERSON,2007-08,204,66.2%,1.5%,18.6%,13.7%,*,*,*,*,81.4%,80.9%,*,78.9%,78.9%,78.4%,81.9%,80.9%,77.9%
JEFFERSON,2008-09,205,49.8%,2.4%,29.8%,18.0%,*,*,*,*,76.1%,75.1%,*,73.7%,73.7%,73.7%,76.1%,78.5%,60.5%
JEFFERSON,2009-10,160,53.1%,0.0%,30.6%,16.3%,*,*,*,*,70.0%,71.3%,*,85.0%,70.6%,70.0%,73.1%,78.8%,61.3%
JEFFERSON,2010-11,170,63.5%,1.8%,18.8%,15.9%,*,*,*,*,81.8%,81.2%,*,81.2%,81.2%,81.8%,81.2%,77.6%,72.4%
JEFFERSON,2011-12,179,47.5%,6.1%,36.9%,9.5%,*,*,*,*,68.7%,67.6%,*,68.2%,68.2%,68.2%,68.7%,73.2%,65.9%
JEFFERSON,2012-13,210,47.6%,1.0%,31.9%,12.4%,1.0%,11.4%,0.0%,0.0%,70.5%,70.0%,68.1%,*,*,*,69.5%,69.0%,61.4%
JEFFERSON,2013-14,214,73.4%,3.3%,11.2%,11.7%,0.9%,6.5%,0.5%,3.7%,85.0%,86.4%,84.6%,*,*,*,87.4%,88.8%,81.8%
JEFFERSON,2014-15,183,66.7%,3.3%,21.9%,8.2%,1.6%,4.4%,1.1%,1.1%,80.3%,79.8%,78.1%,*,*,*,78.1%,78.7%,76.0%
JEFFERSON,2015-16,200,57.5%,4.5%,30.5%,7.5%,1.0%,5.0%,1.5%,0.0%,70.0%,70.0%,69.0%,*,*,*,69.0%,78.0%,65.5%
KING,2004-05,"20,081",81.7%,1.4%,11.9%,4.6%,*,*,*,*,88.7%,*,*,91.5%,95.8%,95.8%,87.5%,92.1%,*
KING,2005-06,"20,510",81.5%,1.5%,11.9%,5.1%,*,*,*,*,88.3%,*,*,92.9%,96.0%,96.1%,87.6%,92.0%,*
KING,2006-07,"19,396",83.0%,2.1%,9.2%,5.5%,*,*,*,*,91.0%,91.1%,*,90.8%,95.1%,95.1%,91.7%,92.3%,94.0%
KING,2007-08,"20,483",83.5%,1.8%,9.2%,5.5%,*,*,*,*,90.6%,90.5%,*,90.6%,91.1%,91.1%,90.9%,92.4%,93.5%
KING,2008-09,"21,087",74.9%,2.8%,15.5%,6.8%,*,*,*,*,88.9%,88.7%,*,89.2%,89.7%,88.8%,89.8%,91.8%,81.9%
KING,2009-10,"21,437",81.7%,1.7%,11.5%,5.1%,*,*,*,*,90.5%,90.3%,*,95.1%,91.9%,92.1%,90.9%,92.6%,89.7%
KING,2010-11,"20,897",81.0%,1.7%,12.2%,5.1%,*,*,*,*,89.2%,89.0%,*,91.1%,91.1%,91.1%,89.8%,90.8%,90.2%
KING,2011-12,"20,118",82.1%,1.8%,11.7%,4.4%,*,*,*,*,89.7%,89.6%,*,91.3%,91.3%,91.1%,89.7%,92.4%,90.6%
KING,2012-13,"23,140",84.2%,1.6%,9.6%,4.7%,1.3%,3.2%,0.1%,0.1%,91.1%,91.2%,90.7%,*,*,*,89.9%,93.0%,89.3%
KING,2013-14,"18,687",84.3%,2.2%,9.2%,4.3%,1.1%,3.2%,0.1%,0.1%,91.3%,92.1%,91.0%,*,*,*,90.8%,92.5%,90.0%
KING,2014-15,"24,861",80.6%,1.7%,13.1%,4.6%,1.2%,3.4%,0.1%,0.1%,92.0%,92.5%,88.6%,*,*,*,87.4%,91.1%,86.8%
KING,2015-16,"24,659",85.0%,1.8%,9.0%,4.1%,0.9%,3.2%,0.2%,0.1%,91.6%,91.6%,91.8%,*,*,*,90.5%,92.8%,89.8%
KITSAP,2004-05,"2,726",90.6%,0.9%,2.4%,6.1%,*,*,*,*,91.2%,*,*,95.8%,96.3%,95.7%,93.6%,95.7%,*
KITSAP,2005-06,"2,603",90.0%,1.5%,2.0%,6.4%,*,*,*,*,93.7%,*,*,96.4%,96.0%,96.0%,93.7%,93.7%,*
KITSAP,2006-07,"2,632",86.0%,1.5%,3.0%,9.5%,*,*,*,*,91.4%,93.0%,*,92.9%,94.8%,94.8%,93.7%,93.0%,92.9%
KITSAP,2007-08,"2,606",85.9%,1.3%,4.8%,8.0%,*,*,*,*,92.2%,92.1%,*,92.2%,92.2%,92.2%,93.0%,92.9%,92.2%
KITSAP,2008-09,"2,718",79.8%,2.8%,7.3%,10.1%,*,*,*,*,91.9%,91.4%,*,92.3%,92.3%,92.5%,92.2%,91.1%,84.8%
KITSAP,2009-10,"2,536",82.3%,3.5%,6.4%,7.8%,*,*,*,*,92.4%,92.2%,*,95.6%,91.3%,91.4%,92.7%,91.7%,88.0%
KITSAP,2010-11,"2,323",84.4%,1.0%,6.5%,8.0%,*,*,*,*,91.3%,91.5%,*,91.5%,91.5%,91.4%,92.3%,90.9%,89.1%
KITSAP,2011-12,"2,498",86.9%,1.5%,6.5%,5.1%,*,*,*,*,92.7%,92.8%,*,93.0%,93.0%,92.9%,92.8%,93.1%,91.0%
KITSAP,2012-13,"2,713",87.6%,1.1%,6.3%,4.9%,1.3%,3.4%,0.2%,0.1%,92.1%,92.1%,91.9%,*,*,*,92.5%,93.3%,90.7%
KITSAP,2013-14,"2,616",85.9%,1.5%,8.4%,4.2%,1.3%,2.7%,0.3%,0.0%,91.1%,91.1%,91.0%,*,*,*,90.8%,92.9%,90.0%
KITSAP,2014-15,"2,753",86.3%,2.0%,6.9%,4.7%,1.5%,3.0%,0.3%,0.0%,91.6%,91.5%,91.9%,*,*,*,90.9%,93.3%,90.4%
KITSAP,2015-16,"2,738",89.2%,1.9%,5.2%,3.8%,0.6%,3.2%,0.3%,0.1%,92.7%,92.8%,93.0%,*,*,*,92.0%,94.7%,92.1%
KITTITAS,2004-05,380,92.4%,1.1%,2.9%,3.7%,*,*,*,*,95.3%,*,*,96.3%,96.3%,96.6%,94.2%,95.8%,*
KITTITAS,2005-06,145,93.8%,1.4%,2.1%,2.8%,*,*,*,*,95.9%,*,*,95.2%,95.9%,95.9%,95.2%,95.9%,*
KITTITAS,2006-07,599,81.6%,0.5%,11.5%,6.3%,*,*,*,*,91.2%,91.2%,*,90.5%,95.3%,95.3%,91.2%,94.2%,95.7%
KITTITAS,2007-08,377,77.2%,1.3%,17.0%,4.5%,*,*,*,*,85.4%,85.4%,*,85.9%,85.9%,85.9%,88.1%,89.4%,88.9%
KITTITAS,2008-09,306,57.2%,1.3%,30.7%,10.8%,*,*,*,*,76.5%,72.2%,*,77.5%,74.5%,77.5%,76.8%,81.4%,64.7%
KITTITAS,2009-10,362,76.5%,0.8%,9.9%,12.7%,*,*,*,*,89.2%,89.2%,*,91.4%,89.0%,89.0%,92.5%,93.6%,84.8%
KITTITAS,2010-11,368,73.4%,0.3%,20.9%,5.4%,*,*,*,*,85.9%,85.9%,*,86.7%,86.7%,86.7%,87.0%,93.5%,85.3%
KITTITAS,2011-12,348,77.6%,1.1%,15.8%,5.5%,*,*,*,*,87.1%,85.6%,*,85.1%,85.1%,85.1%,86.5%,87.1%,83.9%
KITTITAS,2012-13,319,87.5%,1.6%,6.3%,4.7%,0.9%,3.4%,0.6%,0.0%,91.8%,91.8%,94.0%,*,*,*,92.8%,94.0%,91.5%
KITTITAS,2013-14,432,72.7%,0.2%,21.3%,5.8%,1.9%,3.5%,0.5%,0.0%,85.0%,84.5%,85.0%,*,*,*,83.1%,86.8%,81.0%
KITTITAS,2014-15,418,71.1%,1.4%,22.5%,5.0%,1.7%,3.1%,0.2%,0.0%,83.3%,83.3%,84.4%,*,*,*,81.6%,86.4%,80.1%
KITTITAS,2015-16,417,79.1%,3.1%,13.9%,3.8%,0.5%,3.4%,0.0%,0.0%,88.0%,87.8%,88.5%,*,*,*,86.8%,88.7%,85.6%
KLICKITAT,2004-05,241,91.7%,1.2%,3.3%,3.7%,*,*,*,*,87.6%,*,*,97.5%,97.5%,97.5%,88.0%,95.9%,*
KLICKITAT,2005-06,204,90.2%,1.5%,4.4%,3.9%,*,*,*,*,95.6%,*,*,96.6%,97.5%,97.5%,94.6%,94.6%,*
KLICKITAT,2006-07,243,85.2%,2.9%,4.1%,7.8%,*,*,*,*,90.5%,90.5%,*,92.2%,96.3%,96.3%,93.8%,93.0%,94.2%
KLICKITAT,2007-08,218,90.8%,1.4%,2.3%,5.5%,*,*,*,*,94.0%,94.0%,*,95.9%,95.9%,95.9%,96.8%,96.3%,95.4%
KLICKITAT,2008-09,153,64.7%,6.5%,7.2%,21.6%,*,*,*,*,92.2%,92.2%,*,90.2%,90.2%,90.2%,92.2%,89.5%,68.6%
KLICKITAT,2009-10,100,81.0%,2.0%,6.0%,11.0%,*,*,*,*,95.0%,95.0%,*,97.0%,95.0%,95.0%,96.0%,94.0%,85.0%
KLICKITAT,2010-11,225,80.4%,0.4%,4.9%,14.2%,*,*,*,*,90.2%,90.2%,*,90.2%,90.2%,90.2%,91.1%,88.9%,72.9%
KLICKITAT,2011-12,209,83.3%,3.3%,4.3%,9.1%,*,*,*,*,88.5%,89.0%,*,89.0%,89.0%,89.0%,88.0%,90.0%,87.1%
KLICKITAT,2012-13,209,91.4%,1.4%,0.0%,7.2%,3.3%,3.3%,0.5%,0.0%,95.7%,95.7%,96.7%,*,*,*,95.7%,96.2%,92.8%
KLICKITAT,2013-14,218,76.1%,5.0%,10.1%,8.7%,1.8%,3.7%,3.2%,0.0%,84.4%,84.4%,84.9%,*,*,*,83.9%,86.7%,83.0%
KLICKITAT,2014-15,199,83.4%,5.5%,5.0%,6.0%,4.0%,1.5%,0.5%,0.0%,88.4%,88.4%,90.5%,*,*,*,88.9%,91.5%,88.4%
KLICKITAT,2015-16,191,84.3%,3.7%,3.1%,8.9%,3.1%,5.2%,0.5%,0.0%,90.6%,90.6%,91.6%,*,*,*,89.5%,91.1%,88.5%
LEWIS,2004-05,915,91.8%,2.2%,2.3%,3.7%,*,*,*,*,94.1%,*,*,97.0%,95.4%,95.4%,94.5%,96.6%,*
LEWIS,2005-06,"1,029",93.1%,2.7%,1.2%,3.0%,*,*,*,*,96.3%,*,*,96.2%,97.5%,97.5%,96.9%,97.6%,*
LEWIS,2006-07,"1,160",85.4%,2.3%,4.6%,3.7%,*,*,*,*,95.3%,91.1%,*,95.3%,95.7%,95.7%,95.7%,96.8%,95.1%
LEWIS,2007-08,779,88.3%,1.9%,5.8%,4.0%,*,*,*,*,93.1%,93.1%,*,93.5%,93.8%,93.8%,93.2%,94.9%,94.5%
LEWIS,2008-09,842,82.3%,2.4%,11.0%,4.3%,*,*,*,*,86.5%,86.0%,*,90.0%,90.0%,90.0%,86.9%,89.0%,84.8%
LEWIS,2009-10,939,88.6%,2.2%,4.2%,5.0%,*,*,*,*,93.4%,93.5%,*,96.0%,93.7%,93.7%,93.7%,93.9%,92.4%
LEWIS,2010-11,"1,034",92.3%,0.9%,2.1%,4.7%,*,*,*,*,94.7%,94.7%,*,94.9%,94.9%,94.9%,95.0%,96.4%,94.4%
LEWIS,2011-12,768,87.2%,3.4%,5.9%,3.5%,*,*,*,*,92.6%,92.6%,*,92.4%,92.4%,92.4%,92.2%,95.3%,90.1%
LEWIS,2012-13,674,90.1%,0.4%,6.1%,3.3%,0.1%,3.1%,0.0%,0.0%,94.4%,94.2%,93.5%,*,*,*,93.5%,95.8%,93.2%
LEWIS,2013-14,840,85.0%,1.4%,9.3%,4.3%,1.5%,2.9%,0.5%,0.0%,90.6%,90.4%,89.6%,*,*,*,89.3%,92.1%,87.6%
LEWIS,2014-15,854,89.8%,2.1%,4.9%,3.2%,1.2%,2.1%,0.1%,0.0%,93.1%,93.0%,94.1%,*,*,*,93.3%,95.6%,92.5%
LEWIS,2015-16,920,89.3%,1.4%,6.1%,3.2%,0.8%,2.3%,0.0%,0.1%,92.3%,92.4%,93.0%,*,*,*,92.1%,95.4%,91.2%
LINCOLN,2004-05,197,91.4%,3.6%,0.0%,5.1%,*,*,*,*,92.9%,*,*,97.5%,95.4%,95.4%,95.4%,95.9%,*
LINCOLN,2005-06,168,86.9%,3.6%,2.4%,7.1%,*,*,*,*,91.1%,*,*,94.0%,95.2%,95.2%,91.1%,92.9%,*
LINCOLN,2006-07,165,87.9%,1.8%,1.2%,9.1%,*,*,*,*,93.3%,93.3%,*,92.7%,93.9%,93.9%,93.3%,92.1%,90.9%
LINCOLN,2007-08,197,83.2%,1.5%,5.1%,10.2%,*,*,*,*,90.4%,90.4%,*,90.4%,90.4%,88.3%,88.8%,91.9%,90.9%
LINCOLN,2008-09,153,69.3%,13.7%,2.6%,14.4%,*,*,*,*,88.9%,75.2%,*,85.6%,86.3%,86.3%,88.9%,89.5%,73.9%
LINCOLN,2009-10,70,94.3%,1.4%,0.0%,4.3%,*,*,*,*,100.0%,100.0%,*,100.0%,98.6%,98.6%,100.0%,100.0%,94.3%
LINCOLN,2010-11,130,72.3%,14.6%,7.7%,5.4%,*,*,*,*,89.2%,89.2%,*,83.1%,83.1%,83.1%,89.2%,90.0%,75.4%
LINCOLN,2011-12,140,77.1%,2.9%,11.4%,8.6%,*,*,*,*,88.6%,89.3%,*,87.1%,87.1%,87.1%,89.3%,88.6%,83.6%
LINCOLN,2012-13,132,71.2%,0.8%,17.4%,10.6%,0.0%,6.1%,4.5%,4.6%,85.6%,85.6%,84.8%,*,*,*,84.1%,83.3%,78.0%
LINCOLN,2013-14,131,65.6%,3.8%,20.6%,9.9%,1.5%,7.6%,0.8%,0.0%,80.2%,80.2%,78.6%,*,*,*,80.9%,86.3%,73.3%
LINCOLN,2014-15,163,65.0%,1.8%,28.2%,4.9%,0.0%,4.9%,0.0%,0.0%,74.2%,74.2%,75.5%,*,*,*,71.2%,89.6%,74.2%
LINCOLN,2015-16,105,87.6%,1.9%,8.6%,1.9%,0.0%,1.9%,0.0%,0.0%,89.5%,89.5%,89.5%,*,*,*,89.5%,93.3%,89.5%
MASON,2004-05,539,86.1%,2.8%,10.0%,1.1%,*,*,*,*,77.7%,*,*,96.3%,95.4%,95.4%,89.8%,93.7%,*
MASON,2005-06,530,83.0%,3.4%,7.7%,5.8%,*,*,*,*,88.7%,*,*,93.2%,95.3%,95.3%,88.3%,91.1%,*
MASON,2006-07,403,75.4%,2.5%,15.4%,6.7%,*,*,*,*,86.8%,89.3%,*,88.3%,94.3%,94.3%,89.3%,88.6%,84.6%
MASON,2007-08,575,77.2%,0.9%,17.7%,4.2%,*,*,*,*,84.3%,84.5%,*,86.6%,86.6%,86.6%,85.0%,88.0%,87.5%
MASON,2008-09,571,77.8%,3.5%,12.4%,6.3%,*,*,*,*,88.6%,89.5%,*,90.9%,91.2%,91.2%,91.6%,92.3%,82.7%
MASON,2009-10,560,83.2%,1.4%,10.5%,4.8%,*,*,*,*,90.7%,90.7%,*,97.3%,92.5%,92.5%,91.4%,94.6%,86.6%
MASON,2010-11,631,79.2%,0.5%,13.8%,6.5%,*,*,*,*,88.9%,87.5%,*,88.1%,88.3%,88.3%,89.4%,91.3%,87.6%
MASON,2011-12,597,83.8%,1.0%,11.9%,3.4%,*,*,*,*,89.1%,89.4%,*,89.9%,89.9%,89.9%,90.6%,93.3%,87.6%
MASON,2012-13,430,84.9%,1.4%,9.3%,4.4%,1.4%,2.8%,0.2%,0.0%,89.3%,89.5%,88.4%,*,*,*,89.5%,92.3%,88.1%
MASON,2013-14,549,85.8%,1.6%,8.9%,3.6%,0.9%,2.7%,0.0%,0.2%,90.5%,90.5%,92.5%,*,*,*,90.5%,95.4%,90.2%
MASON,2014-15,612,80.4%,2.5%,13.1%,4.1%,0.7%,2.9%,0.3%,0.2%,83.8%,83.8%,86.9%,*,*,*,83.5%,91.8%,85.8%
MASON,2015-16,614,81.4%,3.7%,11.9%,2.9%,1.6%,1.1%,0.2%,0.0%,86.0%,86.2%,87.6%,*,*,*,86.3%,92.2%,86.0%
OKANOGAN,2004-05,498,71.7%,10.0%,12.4%,5.8%,*,*,*,*,83.3%,*,*,88.2%,92.2%,92.2%,82.1%,91.8%,*
OKANOGAN,2005-06,426,66.4%,0.2%,25.1%,8.2%,*,*,*,*,75.6%,*,*,80.3%,90.6%,90.6%,74.9%,89.9%,*
OKANOGAN,2006-07,437,68.9%,0.0%,20.6%,10.5%,*,*,*,*,81.5%,82.2%,*,78.9%,92.0%,92.0%,81.7%,87.2%,80.5%
OKANOGAN,2007-08,522,64.8%,1.0%,20.7%,13.6%,*,*,*,*,78.9%,79.3%,*,79.5%,79.5%,79.5%,79.7%,87.0%,82.6%
OKANOGAN,2008-09,377,57.8%,1.1%,24.9%,16.2%,*,*,*,*,77.7%,77.7%,*,76.7%,76.7%,76.7%,79.8%,86.5%,62.6%
OKANOGAN,2009-10,433,76.2%,1.4%,10.6%,11.8%,*,*,*,*,90.8%,89.1%,*,93.3%,91.2%,91.2%,92.1%,90.8%,85.2%
OKANOGAN,2010-11,499,76.0%,1.0%,12.4%,10.6%,*,*,*,*,85.8%,86.2%,*,86.0%,86.0%,86.0%,88.0%,91.2%,86.6%
OKANOGAN,2011-12,432,85.9%,1.6%,8.1%,4.4%,*,*,*,*,92.6%,92.8%,*,92.1%,92.1%,92.1%,93.1%,93.8%,90.5%
OKANOGAN,2012-13,515,89.1%,1.2%,4.9%,4.9%,1.0%,3.7%,0.2%,0.0%,95.0%,95.1%,93.2%,*,*,*,93.6%,95.0%,92.0%
OKANOGAN,2013-14,740,58.5%,0.9%,37.2%,3.4%,0.7%,1.8%,0.4%,0.5%,62.6%,63.4%,62.2%,*,*,*,62.8%,66.1%,61.4%
OKANOGAN,2014-15,409,80.2%,2.2%,12.7%,4.9%,0.2%,4.2%,0.5%,0.0%,85.6%,85.6%,86.1%,*,*,*,86.1%,92.2%,83.9%
OKANOGAN,2015-16,434,83.9%,2.1%,10.6%,3.5%,0.7%,2.8%,0.0%,0.0%,90.1%,89.6%,89.9%,*,*,*,89.9%,93.5%,88.2%
PACIFIC,2004-05,313,91.7%,3.1%,1.1%,4.1%,*,*,*,*,93.9%,*,*,93.2%,95.2%,95.2%,93.9%,95.9%,*
PACIFIC,2005-06,299,79.6%,2.0%,8.7%,9.7%,*,*,*,*,89.6%,*,*,96.3%,95.3%,95.3%,89.6%,95.0%,*
PACIFIC,2006-07,264,90.9%,1.1%,4.5%,3.4%,*,*,*,*,92.8%,95.8%,*,93.9%,96.6%,96.6%,93.9%,97.7%,94.7%
PACIFIC,2007-08,288,86.5%,1.7%,5.6%,6.3%,*,*,*,*,89.9%,89.9%,*,89.2%,90.3%,89.2%,90.6%,94.1%,92.0%
PACIFIC,2008-09,229,71.6%,2.6%,17.0%,8.7%,*,*,*,*,88.6%,88.6%,*,90.4%,90.4%,90.4%,89.1%,94.8%,78.2%
PACIFIC,2009-10,274,77.0%,4.7%,10.6%,7.7%,*,*,*,*,87.6%,87.6%,*,97.4%,90.1%,90.1%,88.7%,92.7%,77.7%
PACIFIC,2010-11,240,76.7%,6.3%,10.4%,6.7%,*,*,*,*,87.1%,87.1%,*,86.3%,86.3%,86.3%,85.0%,92.1%,84.2%
PACIFIC,2011-12,219,84.9%,6.4%,2.3%,6.4%,*,*,*,*,90.9%,90.9%,*,90.4%,90.4%,90.4%,90.4%,96.8%,90.0%
PACIFIC,2012-13,224,90.6%,2.2%,4.0%,3.1%,2.2%,0.9%,0.0%,0.0%,94.6%,94.6%,93.8%,*,*,*,94.6%,96.4%,93.8%
PACIFIC,2013-14,236,91.9%,2.1%,3.4%,2.5%,1.7%,0.8%,0.0%,0.0%,96.2%,96.2%,95.3%,*,*,*,95.8%,96.2%,93.2%
PACIFIC,2014-15,195,84.1%,3.1%,9.7%,3.1%,1.5%,1.0%,0.5%,0.0%,94.9%,94.9%,95.4%,*,*,*,94.4%,96.9%,95.9%
PACIFIC,2015-16,226,85.0%,7.5%,3.1%,4.4%,0.4%,3.1%,0.4%,0.4%,88.5%,88.5%,90.7%,*,*,*,88.9%,96.0%,89.4%
PEND OREILLE,2004-05,121,81.8%,1.7%,5.8%,10.7%,*,*,*,*,88.4%,*,*,86.0%,90.1%,90.1%,88.4%,92.6%,*
PEND OREILLE,2005-06,50,74.0%,0.0%,14.0%,12.0%,*,*,*,*,74.0%,*,*,76.0%,88.0%,88.0%,74.0%,86.0%,*
PEND OREILLE,2006-07,101,77.2%,0.0%,5.0%,17.8%,*,*,*,*,94.1%,94.1%,*,95.0%,98.0%,98.0%,97.0%,94.1%,85.1%
PEND OREILLE,2007-08,114,68.4%,0.0%,12.3%,19.3%,*,*,*,*,85.1%,86.0%,*,85.1%,85.1%,85.1%,85.1%,88.6%,71.9%
PEND OREILLE,2008-09,93,52.7%,3.2%,10.8%,33.3%,*,*,*,*,83.9%,83.9%,*,87.1%,87.1%,87.1%,89.2%,92.5%,55.9%
PEND OREILLE,2009-10,111,56.8%,4.5%,18.0%,20.7%,*,*,*,*,85.6%,87.4%,*,92.8%,81.1%,81.1%,89.2%,91.9%,64.9%
PEND OREILLE,2010-11,103,66.0%,1.9%,10.7%,21.4%,*,*,*,*,84.5%,84.5%,*,89.3%,89.3%,89.3%,86.4%,94.2%,73.8%
PEND OREILLE,2011-12,108,65.7%,1.9%,23.1%,9.3%,*,*,*,*,84.3%,84.3%,*,88.9%,88.0%,88.0%,87.0%,90.7%,96.3%
PEND OREILLE,2012-13,113,65.5%,3.5%,16.8%,14.2%,8.8%,5.3%,0.0%,0.0%,85.0%,85.0%,83.2%,*,*,*,85.0%,81.4%,71.7%
PEND OREILLE,2013-14,105,60.0%,2.9%,28.6%,8.6%,6.7%,1.0%,0.0%,1.0%,73.3%,73.3%,73.3%,*,*,*,76.2%,80.0%,63.8%
PEND OREILLE,2014-15,114,58.8%,4.4%,24.6%,12.3%,5.3%,6.1%,0.0%,0.9%,77.2%,77.2%,78.1%,*,*,*,74.6%,83.3%,64.0%
PEND OREILLE,2015-16,107,55.1%,5.6%,22.4%,16.8%,2.8%,15.0%,0.0%,0.0%,77.6%,77.6%,77.6%,*,*,*,77.6%,81.3%,64.5%
PIERCE,2004-05,"9,900",91.7%,1.7%,3.2%,3.4%,*,*,*,*,94.8%,*,*,97.1%,96.7%,96.7%,94.9%,95.2%,*
PIERCE,2005-06,"11,309",92.1%,1.6%,2.4%,3.9%,*,*,*,*,95.0%,*,*,96.2%,96.9%,96.9%,95.2%,94.8%,*
PIERCE,2006-07,"9,506",89.7%,1.7%,3.6%,4.9%,*,*,*,*,94.7%,94.7%,*,94.3%,96.5%,96.5%,95.0%,95.5%,94.7%
PIERCE,2007-08,"9,772",90.5%,1.8%,3.1%,4.6%,*,*,*,*,94.9%,94.6%,*,94.9%,95.0%,95.0%,94.9%,95.4%,95.5%
PIERCE,2008-09,"9,914",86.1%,3.0%,4.7%,6.2%,*,*,*,*,94.5%,94.4%,*,94.7%,94.7%,94.7%,94.7%,95.6%,90.5%
PIERCE,2009-10,"9,477",89.1%,2.4%,3.1%,5.4%,*,*,*,*,95.3%,94.9%,*,96.5%,94.9%,95.0%,95.3%,95.6%,92.2%
PIERCE,2010-11,"9,669",90.4%,1.3%,3.7%,4.7%,*,*,*,*,94.9%,94.9%,*,95.0%,94.9%,94.9%,95.1%,95.9%,94.4%
PIERCE,2011-12,"9,668",89.6%,1.9%,4.7%,3.8%,*,*,*,*,94.0%,94.0%,*,94.2%,94.2%,94.2%,94.1%,95.1%,93.5%
PIERCE,2012-13,"9,391",89.7%,2.0%,3.7%,3.4%,1.2%,2.0%,0.2%,0.1%,94.9%,96.5%,94.9%,*,*,*,94.6%,96.0%,94.1%
PIERCE,2013-14,"10,698",86.5%,1.6%,8.0%,4.0%,1.4%,2.5%,0.2%,0.1%,92.1%,95.2%,92.5%,*,*,*,91.4%,94.0%,91.4%
PIERCE,2014-15,"10,747",86.3%,1.6%,8.5%,3.6%,1.3%,2.2%,0.1%,0.1%,92.0%,94.7%,92.2%,*,*,*,91.1%,94.3%,90.8%
PIERCE,2015-16,"10,468",87.6%,2.0%,6.3%,4.1%,1.2%,2.8%,0.2%,0.1%,92.7%,95.2%,93.1%,*,*,*,91.9%,94.8%,91.8%
SAN JUAN,2004-05,104,82.7%,3.8%,3.8%,9.6%,*,*,*,*,89.4%,*,*,93.3%,93.3%,93.3%,86.5%,85.6%,*
SAN JUAN,2005-06,99,60.6%,5.1%,19.2%,15.2%,*,*,*,*,79.8%,*,*,88.9%,79.8%,79.8%,73.7%,69.7%,*
SAN JUAN,2006-07,52,69.2%,7.7%,9.6%,13.5%,*,*,*,*,84.6%,84.6%,*,84.6%,84.6%,84.6%,84.6%,86.5%,86.5%
SAN JUAN,2007-08,171,71.3%,1.2%,17.5%,9.9%,*,*,*,*,82.5%,83.0%,*,78.4%,79.5%,79.5%,81.3%,82.5%,87.7%
SAN JUAN,2008-09,57,57.9%,0.0%,19.3%,22.8%,*,*,*,*,86.0%,86.0%,*,78.9%,78.9%,78.9%,84.2%,75.4%,70.2%
SAN JUAN,2009-10,61,24.6%,9.8%,47.5%,18.0%,*,*,*,*,44.3%,44.3%,*,47.5%,37.7%,37.7%,37.7%,39.3%,29.5%
SAN JUAN,2010-11,118,28.0%,0.8%,61.9%,9.3%,*,*,*,*,51.7%,52.5%,*,43.2%,43.2%,43.2%,52.5%,54.2%,40.7%
SAN JUAN,2011-12,102,61.8%,0.0%,29.4%,8.8%,*,*,*,*,76.5%,76.5%,*,76.5%,76.5%,76.5%,73.5%,78.4%,66.7%
SAN JUAN,2012-13,155,56.8%,4.5%,26.5%,11.6%,4.5%,7.7%,0.0%,0.0%,77.4%,77.4%,*,*,*,*,73.5%,74.8%,61.9%
SAN JUAN,2013-14,122,41.8%,4.1%,41.0%,13.1%,7.4%,5.7%,0.8%,0.0%,55.7%,55.7%,51.6%,*,*,*,50.8%,53.3%,50.8%
SAN JUAN,2014-15,82,74.4%,2.4%,11.0%,12.2%,7.3%,4.9%,1.2%,0.0%,85.4%,85.4%,86.6%,*,*,*,86.6%,84.1%,84.1%
SAN JUAN,2015-16,124,46.0%,2.4%,42.7%,8.9%,4.8%,4.0%,0.0%,0.0%,55.6%,55.6%,55.6%,*,*,*,52.4%,54.0%,50.0%
SKAGIT,2004-05,"1,379",91.4%,1.9%,0.3%,6.5%,*,*,*,*,95.1%,*,*,97.0%,97.3%,97.3%,93.8%,95.5%,*
SKAGIT,2005-06,"1,338",89.2%,2.1%,1.0%,7.7%,*,*,*,*,94.2%,*,*,96.8%,96.8%,96.8%,93.0%,93.5%,*
SKAGIT,2006-07,"1,462",83.9%,3.6%,5.9%,6.6%,*,*,*,*,90.5%,91.0%,*,89.9%,93.9%,94.4%,90.7%,90.7%,91.3%
SKAGIT,2007-08,"1,255",82.0%,1.4%,4.9%,11.7%,*,*,*,*,89.4%,89.4%,*,88.8%,88.8%,88.8%,89.4%,90.8%,91.9%
SKAGIT,2008-09,"1,328",81.4%,3.3%,4.7%,10.5%,*,*,*,*,92.7%,92.8%,*,92.2%,92.1%,92.2%,92.3%,94.0%,85.2%
SKAGIT,2009-10,"1,381",84.2%,2.7%,6.2%,6.9%,*,*,*,*,92.8%,92.8%,*,97.5%,92.8%,92.8%,92.5%,94.6%,88.6%
SKAGIT,2010-11,"1,450",82.5%,2.1%,6.5%,8.9%,*,*,*,*,89.7%,89.8%,*,90.3%,90.2%,90.2%,90.8%,92.2%,87.6%
SKAGIT,2011-12,"1,426",86.0%,2.0%,4.8%,7.2%,*,*,*,*,91.7%,91.8%,*,91.7%,91.7%,91.7%,91.7%,93.3%,90.4%
SKAGIT,2012-13,"1,468",88.3%,2.5%,3.6%,5.7%,1.9%,3.4%,0.3%,0.1%,93.6%,93.6%,94.0%,*,*,*,93.3%,93.9%,91.9%
SKAGIT,2013-14,"1,419",83.4%,2.9%,7.4%,6.3%,2.0%,3.6%,0.4%,0.5%,91.8%,91.7%,91.7%,*,*,*,90.6%,91.1%,90.0%
SKAGIT,2014-15,"1,539",86.0%,3.8%,3.7%,6.4%,1.4%,4.4%,0.1%,0.6%,91.4%,91.4%,91.4%,*,*,*,90.4%,92.1%,90.1%
SKAGIT,2015-16,"1,462",86.3%,4.7%,2.3%,6.7%,1.2%,4.9%,0.4%,0.6%,91.0%,91.2%,91.3%,*,*,*,91.0%,91.7%,89.6%
SKAMANIA,2004-05,92,77.2%,2.2%,15.2%,5.4%,*,*,*,*,83.7%,*,*,94.6%,94.6%,94.6%,81.5%,91.3%,*
SKAMANIA,2005-06,59,71.2%,3.4%,16.9%,8.5%,*,*,*,*,79.7%,*,*,84.7%,91.5%,91.5%,79.7%,84.7%,*
SKAMANIA,2006-07,95,64.2%,0.0%,26.3%,9.5%,*,*,*,*,78.9%,77.9%,*,80.0%,94.7%,94.7%,76.8%,90.5%,81.1%
SKAMANIA,2007-08,52,71.2%,0.0%,23.1%,5.8%,*,*,*,*,75.0%,75.0%,*,75.0%,75.0%,75.0%,76.9%,88.5%,82.7%
SKAMANIA,2008-09,80,61.3%,2.5%,28.8%,7.5%,*,*,*,*,85.0%,85.0%,*,85.0%,85.0%,85.0%,83.8%,91.3%,63.8%
SKAMANIA,2009-10,16,75.0%,0.0%,6.3%,18.8%,*,*,*,*,93.8%,93.8%,*,93.8%,87.5%,87.5%,93.8%,93.8%,81.3%
SKAMANIA,2010-11,74,55.4%,0.0%,36.5%,8.1%,*,*,*,*,74.3%,74.3%,*,68.9%,68.9%,68.9%,74.3%,83.8%,67.6%
SKAMANIA,2011-12,20,80.0%,0.0%,5.0%,15.0%,*,*,*,*,80.0%,85.0%,*,85.0%,85.0%,85.0%,85.0%,85.0%,85.0%
SKAMANIA,2012-13,No report,No report,No report,No report,No report,*,*,*,*,No report,No report,No report,*,*,*,No report,No report,No report
SKAMANIA,2013-14,79,67.1%,1.3%,29.1%,2.5%,0.0%,2.5%,0.0%,0.0%,78.5%,78.5%,78.5%,*,*,*,75.9%,84.8%,74.7%
SKAMANIA,2014-15,69,71.0%,1.4%,18.8%,8.7%,2.9%,5.8%,0.0%,0.0%,81.2%,81.2%,81.2%,*,*,*,79.7%,85.5%,75.4%
SKAMANIA,2015-16,64,85.9%,3.1%,3.1%,7.8%,3.1%,1.6%,1.6%,1.6%,93.8%,93.8%,93.8%,*,*,*,92.2%,98.4%,89.1%
SNOHOMISH,2004-05,"8,897",88.6%,1.3%,4.9%,5.3%,*,*,*,*,92.8%,*,*,95.2%,95.7%,95.8%,92.5%,93.4%,*
SNOHOMISH,2005-06,"7,505",89.5%,1.3%,2.9%,6.3%,*,*,*,*,93.6%,*,*,96.4%,96.2%,96.2%,93.5%,93.5%,*
SNOHOMISH,2006-07,"7,659",85.4%,1.6%,5.3%,7.5%,*,*,*,*,92.8%,92.6%,*,92.4%,95.1%,95.1%,92.9%,93.3%,92.2%
SNOHOMISH,2007-08,"7,287",85.0%,1.4%,5.8%,7.8%,*,*,*,*,91.3%,90.8%,*,91.8%,91.8%,91.8%,91.5%,92.8%,92.4%
SNOHOMISH,2008-09,"7,856",80.7%,3.4%,6.9%,9.0%,*,*,*,*,92.1%,91.5%,*,91.1%,91.1%,91.2%,92.0%,92.5%,85.7%
SNOHOMISH,2009-10,"7,732",84.9%,2.5%,5.3%,7.3%,*,*,*,*,93.1%,92.0%,*,95.4%,92.3%,92.3%,92.3%,93.2%,89.4%
SNOHOMISH,2010-11,"7,565",86.6%,1.4%,4.2%,7.8%,*,*,*,*,92.3%,92.2%,*,92.2%,92.2%,92.3%,92.8%,93.9%,90.1%
SNOHOMISH,2011-12,"7,545",86.5%,1.7%,6.7%,5.0%,*,*,*,*,92.3%,92.2%,*,92.7%,92.7%,92.7%,92.5%,94.8%,91.3%
SNOHOMISH,2012-13,"8,255",86.3%,1.7%,5.7%,5.3%,1.8%,3.2%,0.3%,0.3%,92.4%,93.7%,92.0%,*,*,*,92.8%,93.9%,90.6%
SNOHOMISH,2013-14,"8,338",85.5%,1.8%,7.2%,5.3%,1.6%,3.4%,0.2%,0.1%,90.9%,91.9%,90.4%,*,*,*,90.3%,92.9%,89.3%
SNOHOMISH,2014-15,"8,140",85.5%,1.6%,7.4%,5.4%,1.7%,3.6%,0.3%,0.1%,90.5%,91.4%,90.8%,*,*,*,90.5%,93.1%,89.4%
SNOHOMISH,2015-16,"8,020",85.2%,1.3%,8.7%,4.8%,1.1%,3.4%,0.3%,0.1%,90.3%,91.9%,90.8%,*,*,*,90.3%,93.1%,89.3%
SPOKANE,2004-05,"5,390",86.1%,2.0%,4.5%,5.7%,*,*,*,*,92.5%,*,*,94.2%,94.9%,94.9%,92.3%,93.7%,*
SPOKANE,2005-06,"5,112",82.3%,2.1%,8.8%,6.8%,*,*,*,*,89.0%,*,*,89.6%,93.6%,93.6%,89.1%,90.4%,*
SPOKANE,2006-07,"5,461",78.7%,2.3%,9.8%,9.2%,*,*,*,*,96.3%,88.2%,*,71.9%,93.2%,93.2%,89.0%,90.3%,88.2%
SPOKANE,2007-08,"5,467",79.8%,2.5%,8.5%,9.2%,*,*,*,*,88.5%,88.4%,*,88.6%,88.9%,89.0%,89.6%,90.6%,90.0%
SPOKANE,2008-09,"5,350",71.5%,4.9%,13.1%,10.5%,*,*,*,*,87.1%,87.0%,*,87.8%,88.5%,88.5%,88.2%,90.0%,78.4%
SPOKANE,2009-10,"5,351",77.1%,3.4%,10.9%,8.7%,*,*,*,*,91.6%,91.0%,*,91.0%,88.7%,89.3%,88.7%,87.2%,82.0%
SPOKANE,2010-11,"5,967",78.4%,0.8%,13.0%,7.7%,*,*,*,*,92.0%,92.0%,*,89.6%,89.3%,89.3%,94.3%,91.5%,89.9%
SPOKANE,2011-12,"5,471",82.7%,1.3%,9.8%,6.2%,*,*,*,*,93.1%,93.0%,*,94.7%,94.6%,94.7%,92.7%,93.1%,93.6%
SPOKANE,2012-13,"4,560",85.0%,2.1%,6.8%,6.1%,1.2%,4.7%,0.2%,0.1%,92.4%,92.5%,91.4%,*,*,*,91.4%,93.7%,89.2%
SPOKANE,2013-14,"5,833",73.5%,1.3%,18.9%,6.7%,1.2%,4.9%,0.3%,0.2%,82.0%,82.0%,82.9%,*,*,*,82.4%,88.1%,80.4%
SPOKANE,2014-15,"6,151",73.4%,1.5%,18.2%,7.0%,0.9%,4.9%,0.4%,0.2%,81.7%,81.7%,82.4%,*,*,*,81.4%,87.4%,79.7%
SPOKANE,2015-16,"5,893",84.5%,2.3%,5.6%,7.5%,1.7%,5.8%,0.4%,0.1%,89.5%,89.8%,90.5%,*,*,*,90.3%,91.9%,88.6%
STEVENS,2004-05,402,84.3%,3.2%,1.5%,10.9%,*,*,*,*,87.8%,*,*,90.5%,88.6%,88.6%,87.6%,88.3%,*
STEVENS,2005-06,245,77.6%,6.5%,3.7%,12.2%,*,*,*,*,86.1%,*,*,88.6%,87.8%,87.8%,85.3%,85.3%,*
STEVENS,2006-07,369,72.1%,4.1%,7.6%,16.3%,*,*,*,*,84.0%,84.0%,*,78.9%,83.5%,83.5%,84.0%,85.9%,81.8%
STEVENS,2007-08,394,78.4%,2.5%,5.6%,13.5%,*,*,*,*,89.1%,88.6%,*,86.5%,86.5%,86.8%,89.6%,90.1%,89.6%
STEVENS,2008-09,250,45.6%,8.8%,28.4%,17.2%,*,*,*,*,77.6%,78.0%,*,76.8%,76.8%,76.8%,76.8%,84.8%,61.6%
STEVENS,2009-10,148,65.5%,6.8%,2.7%,25.0%,*,*,*,*,87.2%,84.5%,*,85.8%,81.1%,81.1%,85.1%,83.1%,67.6%
STEVENS,2010-11,250,62.0%,6.4%,9.2%,22.4%,*,*,*,*,82.4%,82.4%,*,81.2%,81.2%,81.2%,84.4%,87.6%,67.6%
STEVENS,2011-12,124,73.4%,6.5%,8.1%,12.1%,*,*,*,*,80.6%,80.6%,*,85.5%,85.5%,85.5%,86.3%,88.7%,81.5%
STEVENS,2012-13,425,82.1%,4.7%,4.5%,8.7%,2.8%,3.8%,0.9%,1.7%,89.9%,89.9%,91.3%,*,*,*,90.4%,91.8%,88.0%
STEVENS,2013-14,326,73.6%,1.2%,15.6%,9.5%,1.5%,7.1%,0.3%,0.6%,89.9%,89.9%,90.5%,*,*,*,90.5%,91.4%,89.6%
STEVENS,2014-15,349,78.2%,4.0%,7.4%,10.3%,3.4%,5.7%,0.0%,1.1%,89.1%,89.1%,88.3%,*,*,*,88.5%,90.8%,85.7%
STEVENS,2015-16,238,73.5%,1.3%,14.3%,10.9%,0.8%,9.2%,0.8%,0.0%,78.2%,78.2%,79.4%,*,*,*,76.9%,85.3%,78.6%
THURSTON,2004-05,"2,553",82.9%,2.6%,8.8%,5.8%,*,*,*,*,88.5%,*,*,93.3%,93.2%,93.2%,88.0%,90.0%,*
THURSTON,2005-06,"4,031",81.0%,1.2%,10.8%,7.0%,*,*,*,*,89.2%,*,*,93.8%,93.8%,93.9%,88.3%,92.7%,*
THURSTON,2006-07,"2,739",80.1%,3.8%,8.4%,7.7%,*,*,*,*,87.9%,90.7%,*,88.4%,93.3%,93.3%,89.3%,91.2%,88.8%
THURSTON,2007-08,"2,602",72.8%,1.6%,15.0%,10.6%,*,*,*,*,84.6%,84.6%,*,85.5%,85.3%,85.5%,85.9%,87.3%,88.2%
THURSTON,2008-09,"2,883",66.9%,1.0%,23.2%,8.9%,*,*,*,*,84.4%,84.2%,*,85.1%,85.1%,85.1%,85.1%,87.9%,73.4%
THURSTON,2009-10,"2,497",69.7%,2.5%,17.9%,10.0%,*,*,*,*,83.9%,84.1%,*,93.7%,85.0%,85.3%,85.3%,88.1%,80.6%
THURSTON,2010-11,"2,828",72.9%,0.8%,18.5%,7.7%,*,*,*,*,84.7%,84.8%,*,84.4%,84.4%,84.4%,84.8%,87.8%,83.1%
THURSTON,2011-12,"2,833",70.6%,2.9%,21.5%,5.0%,*,*,*,*,81.2%,81.0%,*,86.8%,86.8%,86.8%,82.0%,84.2%,80.1%
THURSTON,2012-13,"3,221",76.4%,1.5%,16.1%,5.4%,1.7%,3.5%,0.2%,0.2%,87.1%,87.0%,87.3%,*,*,*,86.4%,88.1%,85.0%
THURSTON,2013-14,"2,974",68.9%,1.5%,25.1%,4.5%,1.5%,2.6%,0.4%,0.1%,79.3%,79.2%,80.9%,*,*,*,77.2%,83.4%,78.8%
THURSTON,2014-15,"3,277",75.9%,1.9%,17.5%,4.7%,1.1%,3.5%,0.1%,0.1%,84.5%,84.6%,85.5%,*,*,*,82.7%,87.6%,84.1%
THURSTON,2015-16,"3,181",74.6%,2.0%,19.1%,4.2%,0.8%,3.1%,0.2%,0.1%,82.8%,82.7%,85.1%,*,*,*,81.7%,86.9%,82.5%
WAHKIAKUM,2004-05,29,79.3%,0.0%,20.7%,0.0%,*,*,*,*,100.0%,*,*,100.0%,100.0%,100.0%,100.0%,100.0%,*
WAHKIAKUM,2005-06,22,59.1%,4.5%,31.8%,4.5%,*,*,*,*,63.6%,*,*,90.9%,81.8%,81.8%,59.1%,81.8%,*
WAHKIAKUM,2006-07,No report,No report,No report,No report,No report,*,*,*,*,No report,No report,*,No report,No report,No report,No report,No report,No report
WAHKIAKUM,2007-08,No report,No report,No report,No report,No report,*,*,*,*,No report,No report,*,No report,No report,No report,No report,No report,No report
WAHKIAKUM,2008-09,35,91.4%,0.0%,2.9%,5.7%,*,*,*,*,91.4%,91.4%,*,94.3%,94.3%,94.3%,94.3%,94.3%,94.3%
WAHKIAKUM,2009-10,35,88.6%,0.0%,2.9%,8.6%,*,*,*,*,88.6%,88.6%,*,88.6%,88.6%,88.6%,91.4%,91.4%,91.4%
WAHKIAKUM,2010-11,33,90.9%,0.0%,3.0%,6.1%,*,*,*,*,90.9%,90.9%,*,90.9%,90.9%,90.9%,90.9%,90.9%,90.9%
WAHKIAKUM,2011-12,No report,No report,No report,No report,No report,*,*,*,*,No report,No report,*,No report,No report,No report,No report,No report,No report
WAHKIAKUM,2012-13,29,86.2%,0.0%,3.4%,10.3%,0.0%,0.0%,10.3%,10.3%,86.2%,86.2%,86.2%,*,*,*,86.2%,86.2%,86.2%
WAHKIAKUM,2013-14,30,90.0%,0.0%,0.0%,10.0%,0.0%,3.3%,6.7%,0.0%,90.0%,90.0%,90.0%,*,*,*,90.0%,90.0%,90.0%
WAHKIAKUM,2014-15,33,81.8%,3.0%,6.1%,9.1%,3.0%,6.1%,3.0%,0.0%,93.9%,93.9%,87.9%,*,*,*,97.0%,93.9%,90.9%
WAHKIAKUM,2015-16,28,82.1%,0.0%,10.7%,7.1%,7.1%,0.0%,0.0%,0.0%,96.4%,96.4%,92.9%,*,*,*,92.9%,96.4%,82.1%
WALLA WALLA,2004-05,"1,418",94.2%,0.5%,2.0%,2.5%,*,*,*,*,96.7%,*,*,97.8%,97.8%,97.8%,96.5%,96.9%,*
WALLA WALLA,2005-06,911,96.5%,0.4%,0.3%,2.7%,*,*,*,*,50.9%,*,*,51.5%,51.2%,51.2%,50.8%,51.5%,*
WALLA WALLA,2006-07,689,92.2%,1.7%,2.3%,3.8%,*,*,*,*,95.6%,95.5%,*,95.6%,97.2%,97.2%,95.5%,97.0%,95.4%
WALLA WALLA,2007-08,577,87.9%,2.8%,4.5%,4.9%,*,*,*,*,92.9%,92.9%,*,93.6%,93.6%,93.6%,93.6%,95.8%,94.8%
WALLA WALLA,2008-09,693,92.2%,1.2%,3.2%,3.5%,*,*,*,*,94.9%,94.9%,*,95.7%,95.7%,95.7%,96.0%,96.1%,93.9%
WALLA WALLA,2009-10,593,86.5%,4.7%,3.5%,5.2%,*,*,*,*,93.1%,93.1%,*,95.3%,93.8%,93.4%,93.9%,93.3%,91.2%
WALLA WALLA,2010-11,647,91.5%,1.5%,2.0%,4.9%,*,*,*,*,94.9%,94.9%,*,95.7%,95.7%,95.7%,95.5%,95.2%,94.1%
WALLA WALLA,2011-12,369,87.8%,0.3%,7.3%,4.6%,*,*,*,*,90.5%,90.5%,*,91.3%,91.3%,91.3%,92.1%,94.3%,90.0%
WALLA WALLA,2012-13,643,92.1%,1.6%,3.0%,3.0%,1.6%,2.0%,0.3%,0.3%,96.0%,96.1%,95.5%,*,*,*,95.6%,95.8%,94.9%
WALLA WALLA,2013-14,535,84.1%,0.6%,12.3%,3.0%,1.5%,1.5%,0.0%,0.0%,92.0%,92.1%,92.5%,*,*,*,90.7%,93.8%,89.5%
WALLA WALLA,2014-15,735,83.0%,2.0%,12.4%,2.6%,0.5%,1.8%,0.4%,0.0%,89.3%,89.1%,89.9%,*,*,*,86.9%,90.6%,88.0%
WALLA WALLA,2015-16,644,87.6%,2.0%,6.8%,3.6%,0.6%,2.2%,0.5%,0.3%,93.2%,93.0%,94.4%,*,*,*,93.0%,95.8%,91.9%
WHATCOM,2004-05,"1,839",84.0%,1.7%,7.7%,6.6%,*,*,*,*,89.7%,*,*,94.2%,93.6%,93.8%,89.3%,91.7%,*
WHATCOM,2005-06,"1,776",81.6%,0.9%,10.0%,7.5%,*,*,*,*,88.1%,*,*,90.7%,92.5%,92.5%,87.6%,88.9%,*
WHATCOM,2006-07,"1,775",76.8%,0.8%,14.3%,8.0%,*,*,*,*,86.5%,86.9%,*,85.8%,90.0%,89.9%,86.1%,88.3%,84.0%
WHATCOM,2007-08,"1,923",81.4%,1.1%,7.5%,9.9%,*,*,*,*,87.9%,87.8%,*,86.3%,86.3%,86.4%,88.1%,88.9%,88.0%
WHATCOM,2008-09,"1,837",75.6%,1.4%,9.9%,13.1%,*,*,*,*,87.3%,87.4%,*,86.6%,86.5%,86.6%,88.0%,89.4%,79.6%
WHATCOM,2009-10,"1,851",79.8%,2.8%,8.0%,9.3%,*,*,*,*,90.6%,90.5%,*,94.2%,89.1%,89.1%,90.7%,90.7%,83.8%
WHATCOM,2010-11,"1,945",80.5%,2.0%,7.7%,9.9%,*,*,*,*,89.3%,89.4%,*,88.6%,88.6%,88.6%,89.0%,90.5%,86.4%
WHATCOM,2011-12,"1,891",79.2%,2.0%,13.0%,5.9%,*,*,*,*,88.8%,88.8%,*,88.4%,88.4%,85.4%,90.0%,90.5%,86.9%
WHATCOM,2012-13,"2,078",83.6%,3.9%,5.1%,7.5%,1.8%,5.5%,0.2%,0.0%,89.7%,89.6%,90.1%,*,*,*,89.4%,90.4%,87.7%
WHATCOM,2013-14,"2,233",79.5%,2.8%,9.9%,7.8%,1.9%,5.6%,0.2%,0.1%,88.4%,88.4%,87.9%,*,*,*,87.5%,87.6%,86.1%
WHATCOM,2014-15,"2,200",81.9%,3.0%,9.4%,5.6%,1.5%,4.4%,0.1%,0.0%,89.0%,88.9%,89.7%,*,*,*,88.3%,90.4%,87.0%
WHATCOM,2015-16,"2,175",78.7%,2.4%,12.3%,6.6%,1.3%,5.2%,0.3%,0.0%,86.3%,86.3%,87.0%,*,*,*,85.5%,88.7%,84.9%
WHITMAN,2004-05,435,62.8%,0.5%,14.0%,3.2%,*,*,*,*,88.5%,*,*,91.5%,90.8%,90.8%,89.4%,92.9%,*
WHITMAN,2005-06,354,84.5%,4.0%,8.5%,3.1%,*,*,*,*,87.9%,*,*,94.1%,92.7%,92.7%,88.4%,92.4%,*
WHITMAN,2006-07,352,78.4%,0.9%,15.3%,5.4%,*,*,*,*,86.4%,86.4%,*,86.4%,94.3%,94.6%,87.8%,94.0%,88.9%
WHITMAN,2007-08,354,88.7%,0.6%,4.2%,6.5%,*,*,*,*,93.8%,93.8%,*,97.2%,97.5%,97.2%,93.8%,94.6%,93.5%
WHITMAN,2008-09,394,77.4%,3.0%,12.7%,6.9%,*,*,*,*,92.6%,92.6%,*,91.9%,91.6%,91.6%,92.9%,94.2%,84.5%
WHITMAN,2009-10,372,86.6%,0.5%,7.0%,5.9%,*,*,*,*,96.5%,95.4%,*,97.8%,92.2%,92.2%,95.7%,97.3%,90.9%
WHITMAN,2010-11,383,80.7%,0.8%,11.0%,7.6%,*,*,*,*,88.3%,88.3%,*,89.0%,88.8%,89.0%,90.1%,93.2%,85.6%
WHITMAN,2011-12,108,89.8%,1.9%,2.8%,5.6%,*,*,*,*,94.4%,94.4%,*,95.4%,95.4%,95.4%,94.4%,96.3%,92.6%
WHITMAN,2012-13,387,89.4%,1.3%,4.4%,4.9%,0.3%,3.9%,1.0%,0.5%,94.1%,94.1%,92.8%,*,*,*,94.3%,94.8%,91.5%
WHITMAN,2013-14,381,79.8%,1.3%,13.9%,5.0%,0.0%,4.7%,0.0%,0.3%,90.3%,90.3%,89.8%,*,*,*,87.1%,89.5%,87.7%
WHITMAN,2014-15,375,84.5%,2.1%,10.1%,3.2%,0.0%,2.9%,0.3%,0.0%,91.5%,91.7%,91.5%,*,*,*,89.6%,93.3%,90.1%
WHITMAN,2015-16,400,80.3%,2.5%,13.5%,3.8%,0.3%,3.0%,0.3%,0.3%,88.0%,88.8%,88.8%,*,*,*,88.0%,92.3%,86.8%
YAKIMA,2004-05,"3,640",88.4%,1.5%,6.8%,1.0%,*,*,*,*,94.6%,*,*,97.6%,98.2%,98.2%,94.6%,96.1%,*
YAKIMA,2005-06,"3,469",88.5%,1.4%,9.0%,1.0%,*,*,*,*,92.5%,*,*,94.1%,97.7%,97.7%,92.3%,95.5%,*
YAKIMA,2006-07,"3,930",88.6%,2.2%,7.9%,1.2%,*,*,*,*,94.6%,94.4%,*,94.8%,98.3%,98.3%,94.8%,96.1%,95.2%
YAKIMA,2007-08,"4,135",89.6%,1.1%,7.5%,1.7%,*,*,*,*,94.9%,94.8%,*,94.3%,94.3%,94.3%,95.5%,96.6%,96.5%
YAKIMA,2008-09,"3,783",82.3%,1.8%,14.2%,1.6%,*,*,*,*,93.1%,93.3%,*,92.8%,92.8%,92.8%,94.0%,96.1%,85.8%
YAKIMA,2009-10,"3,621",80.0%,1.0%,17.3%,1.7%,*,*,*,*,89.2%,89.0%,*,96.6%,89.0%,89.0%,89.4%,93.9%,85.5%
YAKIMA,2010-11,"4,274",80.8%,0.8%,17.2%,1.2%,*,*,*,*,88.6%,89.4%,*,90.0%,89.9%,89.8%,89.8%,91.5%,88.0%
YAKIMA,2011-12,"4,168",81.5%,0.4%,17.3%,0.8%,*,*,*,*,88.0%,86.6%,*,90.7%,90.7%,90.7%,88.9%,91.6%,87.1%
YAKIMA,2012-13,"4,031",84.5%,0.9%,13.8%,0.8%,0.2%,0.6%,0.0%,0.0%,90.8%,90.7%,91.6%,*,*,*,90.6%,93.1%,90.2%
YAKIMA,2013-14,"4,219",87.8%,0.8%,10.6%,0.8%,0.2%,0.5%,0.0%,0.0%,92.3%,92.3%,93.2%,*,*,*,92.2%,94.9%,92.2%
YAKIMA,2014-15,"4,191",89.9%,0.8%,8.4%,0.9%,0.3%,0.5%,0.1%,0.0%,93.7%,93.7%,94.0%,*,*,*,93.2%,96.1%,93.4%
YAKIMA,2015-16,"4,063",87.7%,1.0%,9.5%,1.8%,1.2%,0.7%,0.0%,0.0%,91.3%,91.3%,91.4%,*,*,*,90.4%,93.1%,90.8%