"ID","WindForce","Cliwoc.Class","Beaufort","mps"
"1","","9",NA,NA
"2","2 MILLAS","1","1","1"
"3","4 A 5 MILLAS","1","1","1"
"4","6 A 7 MILLAS","2","2","2.29999995"
"5","6 Y 7 MILLAS","2","2","2.29999995"
"6","8 Y 9 MILLAS","2","3","4.4000001"
"7","A FUGADAS","8",NA,NA
"8","A FUGADAS FUERTES","3","7","15.3999996"
"9","A LA BRISA FRESCO","3","6","12.3000002"
"10","A LA TIERRA MUY FLOJO","2","3","4.5999999"
"11","A MENOS","8",NA,NA
"12","A RACHAS","8",NA,NA
"13","A RÁFAGAS","8",NA,NA
"14","A RAFRAGAS","8",NA,NA
"15","A RÁFRAGAS","8",NA,NA
"16","A RAFRAGONES","8",NA,NA
"17","A RATOS FRESCO A RATOS BONANCIBLE PERO MUY VARIABLE","3","6","12.3000002"
"18","A RECALMONES","8",NA,NA
"19","A VECES CON AGUACEROS","8",NA,NA
"20","A VECES DURO CON AGUACEROS","8",NA,NA
"21","A VECES FRESCO A VECES BONANCIBLE","3","6","12.3000002"
"22","A VECES FRESCO OTRAS BONANCIBLE","3","6","12.3000002"
"23","A VECES FRESQUITO","3","5","9.30000019"
"24","A VECES FRESQUITO Y EN OTRAS MAS BONANCIBLE","3","5","9.30000019"
"25","A VECES FRESQUITO Y EN OTRAS MUY BONANCIBLE","3","5","9.30000019"
"26","A VECES MUY BONANCIBLE Y EN OTRAS FRESCO","2","4","6.69999981"
"27","ABONANZA","2","4","6.69999981"
"28","ABONANZADO","2","4","6.69999981"
"29","ABONANZANDO","2","4","6.69999981"
"30","ABONANZAR","8",NA,NA
"31","ABONANZO","2","4","6.69999981"
"32","ABRISADO","2","2","2.5999999"
"33","AFLOXANDO Y VARIABLE","8",NA,NA
"34","AFUGADO","8",NA,NA
"35","AHURACANADO","4","12","35"
"36","AL PRINCIPIO BENIGNO DESPUES FRESCACHON","3","7","15.3999996"
"37","ALARGANDOSE","8",NA,NA
"38","ALEGRE","8",NA,NA
"39","ALEGRITO","8",NA,NA
"40","ALGO ALEGRE","8",NA,NA
"41","ALGO ATURBONADO","8",NA,NA
"42","ALGO CALMA","8",NA,NA
"43","ALGO CALMOSO","8",NA,NA
"44","ALGO CHUBASCOSO","8",NA,NA
"45","ALGO DESIGUAL","8",NA,NA
"46","ALGO FAVORABLE","8",NA,NA
"47","ALGO FLOXO","8",NA,NA
"48","ALGO FRESCA","3","6","11.6000004"
"49","ALGO FRESCO","3","6","11.6000004"
"50","ALGO FRESQUITO","3","5","8.69999981"
"51","ALGO MAS BONANCIBLE","2","4","6.69999981"
"52","ALGO MÁS BONANCIBLE","2","4","6.69999981"
"53","ALGO MÁS FAVORABLE","8",NA,NA
"54","ALGO MAS FRESCO","3","6","12.3000002"
"55","ALGO MÁS FRESCO","3","6","12.3000002"
"56","ALGO MAS FRESQUITO","8",NA,NA
"57","ALGO MENOS FLOJO","8",NA,NA
"58","ALGO MENOS FRESCO","8",NA,NA
"59","ALGO VARIABLE","8",NA,NA
"60","ALGO VARIABLE Y FRESCO","3","6","12.3000002"
"61","ALGUN","8",NA,NA
"62","ALGUNA","8",NA,NA
"63","ALGUNA CALMA","8",NA,NA
"64","ALGUNA COSA MAS APACIBLE","2","4","6.69999981"
"65","ALGUNAS CALMAS","8",NA,NA
"66","ALGUNAS VENTOLINAS","8",NA,NA
"67","ALGUNO","8",NA,NA
"68","alterados","4","9","22.6000004"
"69","ALTIVO","3","7","15.3999996"
"70","AMAINANDO ALGO","8",NA,NA
"71","AMINORANDO SU FUERZA","8",NA,NA
"72","APACIBLE","2","4","6.69999981"
"73","APACIBLE DE TODA VELA","2","4","6.69999981"
"74","APACIBLES","2","4","6.69999981"
"75","APACIGUADO","2","4","6.69999981"
"76","ARRACHADO","8",NA,NA
"77","ARRECIA","8",NA,NA
"78","ARRECIA EL VIENTO","8",NA,NA
"79","ARRECIANDO","8",NA,NA
"80","Arreciando a mas","8",NA,NA
"81","ARRECIO MAS","8",NA,NA
"82","aturbonado","4","9","22.6000004"
"83","aturbonados","4","9","22.6000004"
"84","AUMENTANDO","8",NA,NA
"85","aumento","8",NA,NA
"86","AUMENTO MUCHO","8",NA,NA
"87","aventolinado","8",NA,NA
"88","BASTANTE","8",NA,NA
"89","BASTANTE BONANCIBLE","2","4","6.69999981"
"90","BASTANTE BONANZA","8",NA,NA
"91","BASTANTE CELAJERÍA","8",NA,NA
"92","BASTANTE DESIGUAL","8",NA,NA
"93","BASTANTE DURO","8",NA,NA
"94","BASTANTE FEO POR TODAS PARTES","8",NA,NA
"95","BASTANTE FLOJO","8",NA,NA
"96","BASTANTE FRESCO","3","6","12.3000002"
"97","BASTANTE FRESQUITO","8",NA,NA
"98","BASTANTE FUERTE","3","7","15.3999996"
"99","BASTANTE FUERTE Y VARIANDO A CADA INSTANTE","3","7","15.3999996"
"100","BASTANTE OSCURO","8",NA,NA
"101","BASTANTE RECIO","3","7","15.3999996"
"102","BASTANTE TORMENTA","4","9","22.6000004"
"103","BASTANTE TORMENTOSO","4","9","22.6000004"
"104","BASTANTE VIENTO","8",NA,NA
"105","BASTANTEMENTE FRESCO","3","6","12.3000002"
"106","BELLO","8",NA,NA
"107","BENDABAL Y FRESCO","8",NA,NA
"108","BENIGNO","2","4","6.69999981"
"109","BENTOLINA","1","1","1"
"110","BENTOLINA FLOJA","2","3","4.5999999"
"111","BENTOLINAS","1","1","1"
"112","BIEN FLOJO","2","3","2.5999999"
"113","BIEN FRESCO","3","6","12.3000002"
"114","BOB","8",NA,NA
"115","BOBNANCIBLE","2","4","6.69999981"
"116","BON","2","4","6.69999981"
"117","BON ANZA","2","4","6.69999981"
"118","BONACIBLE","2","4","6.69999981"
"119","BONANCIBLE","2","4","6.69999981"
"120","BONANCIBLE / CALMOSO","2","4","6.69999981"
"121","BONANCIBLE / FRESQUITO","2","4","6.69999981"
"122","BONANCIBLE AUNQUE EN FUGAS","2","4","6.69999981"
"123","BONANCIBLE CON CHUBASCOS","2","4","6.69999981"
"124","BONANCIBLE DE TODA VELA","2","4","6.69999981"
"125","BONANCIBLE EN SU MAYOR PARTE","2","4","6.69999981"
"126","BONANCIBLE EN VECES Y EN OTRAS FRESCO","2","4","6.69999981"
"127","BONANCIBLE EN VECES Y EN OTRAS FRESQUITO","2","4","6.69999981"
"128","BONANCIBLE HASTA LAS 21:00 QUE COMENZO A REFRESCAR","2","4","6.69999981"
"129","BONANCIBLE HASTA LAS 22:00 QUE REFRESCO","2","4","6.69999981"
"130","BONANCIBLE HASTA LAS 7 QUE SE QUEDO CALMA","2","4","6.69999981"
"131","BONANCIBLE Y CALMA","2","4","6.69999981"
"132","BONANCIBLE Y CALMOSO","2","4","6.69999981"
"133","BONANCIBLE Y CONTRARIOS","2","4","6.69999981"
"134","BONANCIBLE Y CUASI CALMA","2","4","6.69999981"
"135","BONANCIBLE Y EN CALMA","2","4","6.69999981"
"136","BONANCIBLE Y EN OTRAS FRESQUITO","2","4","6.69999981"
"137","BONANCIBLE Y EN TIEMPOS FRESQUITO","2","4","6.69999981"
"138","BONANCIBLE Y EN VECES CALMA","2","4","6.69999981"
"139","BONANCIBLE Y EN VECES FRESCO","2","4","6.69999981"
"140","BONANCIBLE Y FRESCO","2","4","6.69999981"
"141","BONANCIBLE Y FRESQUITO","2","4","6.69999981"
"142","BONANCIBLE Y MUY VARIABLE","2","4","6.69999981"
"143","BONANCIBLE Y VARIABLE","2","4","6.69999981"
"144","BONANCIBLE. A LAS 19:00 SE PUSO CALMA","2","4","6.69999981"
"145","bonancibles","2","4","6.69999981"
"146","BONANCIBLOE","2","4","6.69999981"
"147","BONANCILE","2","4","6.69999981"
"148","BONANOCHECIÓ","8",NA,NA
"149","BONANZA","2","4","6.69999981"
"150","BONANZA / FRESCO","2","4","6.69999981"
"151","BONANZA Y CALMA","2","4","6.69999981"
"152","BONANZAS","2","4","6.69999981"
"153","BONANZIBLE","2","4","6.69999981"
"154","BORRASCOSO","4","11","30.8999996"
"155","BORRASCOSO Y FUERTE","4","11","30.8999996"
"156","BRISA","2","2","2.5999999"
"157","BRISA ALEGRE","8",NA,NA
"158","BRISA ALGO FRESCA","3","6","12.3000002"
"159","BRISA BASTANTE FRESCA","3","6","12.3000002"
"160","BRISA BONANCIBLE","2","4","6.69999981"
"161","BRISA BONANCIBLE ENTABLADA","2","4","6.0999999"
"162","BRISA BORRASCOSA","4","11","30.8999996"
"163","BRISA BUENA","8",NA,NA
"164","BRISA CALMOSA","2","2","2.5999999"
"165","BRISA CLARA","8",NA,NA
"166","BRISA CON VENTOLINAS","8",NA,NA
"167","BRISA CONSTANTE","8",NA,NA
"168","BRISA DESIGUAL","8",NA,NA
"169","BRISA ENTABLADITA","8",NA,NA
"170","BRISA ESCASA","8",NA,NA
"171","BRISA FLOGITA","2","2","2.5999999"
"172","BRISA FLOJA","2","3","4.5999999"
"173","BRISA FLOJITA","2","2","2.5999999"
"174","BRISA FRESCA","3","6","12.3000002"
"175","BRISA FRESCACHONA","3","7","15.3999996"
"176","BRISA FRESQUITA","3","5","9.30000019"
"177","BRISA FRESQUITA Y CLARA","3","5","9.30000019"
"178","BRISA FRESQUITO","3","5","9.30000019"
"179","BRISA FRESQUITO ENTABLADA","3","5","8.69999981"
"180","BRISA FUERZA VARIA","8",NA,NA
"181","BRISA GALENA","8",NA,NA
"182","BRISA LIGERA","8",NA,NA
"183","BRISA MAS FRESCA","3","6","13.1000004"
"184","BRISA MÁS FRESCA","3","6","13.1000004"
"185","BRISA MAS VONANCIBLE","2","4","7.30000019"
"186","BRISA MEDIANAMENTE FRESCA","3","6","12.3000002"
"187","BRISA MENOS FRESCA","8",NA,NA
"188","BRISA MUI FRESCA","3","6","13.1000004"
"189","BRISA MUY BONANCIBLE","2","4","6.69999981"
"190","BRISA MUY FLOJA","2","2","2.5999999"
"191","BRISA MUY FRESCA","3","6","13.1000004"
"192","BRISA MUY RECIA","4","8","19"
"193","BRISA PARDA","2","2","2.5999999"
"194","BRISA PARDA FRESCA","8",NA,NA
"195","BRISA REFRESCANDO MUCHO","8",NA,NA
"196","BRISA REFRESCO","8",NA,NA
"197","BRISA TOMADA","8",NA,NA
"198","BRISA VARIA","8",NA,NA
"199","BRISA VARIABLE","8",NA,NA
"200","brisado","2","2","2.5999999"
"201","brisados","2","2","2.5999999"
"202","brisas","2","2","2.5999999"
"203","BRISAS BONANCIBLES","2","4","6.69999981"
"204","BRISAS ENTABLADAS","8",NA,NA
"205","BRISAS FRESCAS","3","6","12.3000002"
"206","BRISITA MENOS FRESCA","3","6","11.6000004"
"207","BUENO","8",NA,NA
"208","CADA VEZ MÁS ESCASO","8",NA,NA
"209","CAER","8",NA,NA
"210","CALIMOSO","2","2","2.5999999"
"211","CALMA","1","0","0"
"212","CALMA CASI","1","1","1"
"213","CALMA CERNIDA HASTA LAS 16:00","1","0","0"
"214","CALMA CON TURBONADAS","1","0","0"
"215","CALMA CON VENTOLINAS","1","1","1"
"216","CALMA HASTA LAS 19:00 QUE ENTRO POR EL E","1","0","0"
"217","CALMA MUERTA","1","0","0"
"218","CALMA O MUY FLOJO","1","0","0"
"219","CALMA TODO EL DIA","1","0","0"
"220","CALMA TOTAL","1","0","0"
"221","CALMA Y ALGUNAS FUGADAS","1","0","0"
"222","CALMA Y VENTOLINAS","1","1","1"
"223","CALMA. A LAS 13:00 EMPEZO A VENTAR AL NO","1","0","0"
"224","CALMANDO","1","0","0"
"225","CALMAOJAS","2","2","2.5999999"
"226","CALMARSE","1","0","0"
"227","CALMAS","1","0","0"
"228","CALMAS PERMANENTES","1","0","0"
"229","CALMO","1","0","0"
"230","CALMOSA","2","2","2.5999999"
"231","CALMOSO","2","2","2.5999999"
"232","CALMOSO CON TURBONADAS","2","2","2.5999999"
"233","CALMOSO CON VENTOLINAS VARIABLES","2","2","2.5999999"
"234","CALMOSO CON VENTOLINAS VARIABLES Y CALMA","2","2","2.5999999"
"235","CALMOSO EN VENTOLINAS Y CALMA","2","2","2.5999999"
"236","CALMOSO HASTA LAS 0:00 QUE SE QUEDO CALMA","2","2","2.5999999"
"237","CALMOSO O BONANCIBLE","2","2","2.5999999"
"238","CALMOSO O ENTERAMENTE CALMA","2","2","2.5999999"
"239","CALMOSO Y A VECES ENTERAMENTE CALMA","2","2","2.5999999"
"240","CALMOSO Y CALMA","2","2","2.5999999"
"241","CALMOSO Y CASI CALMA","2","2","2.5999999"
"242","CALMOSO Y EN FUGA","2","2","2.5999999"
"243","CALMOSO Y EN VECES ENTERAMENTE CALMA","2","2","2.5999999"
"244","CALMOSO Y EN VENTOLINAS","2","2","2.5999999"
"245","CALMOSO Y ENTERAMENTE CALMA","2","2","2.5999999"
"246","CALMOSO Y LUEGO SE QUEDO CALMA","2","2","2.5999999"
"247","CALMOSO Y MUY VARIABLE","2","2","2.5999999"
"248","CALMOSO Y VARIABLE","2","2","2.5999999"
"249","CALMOSO Y VARIABLE POR TODO EL COMPAS","2","2","2.5999999"
"250","calmosos","2","2","2.5999999"
"251","CALMUCHA","1","0","0"
"252","CARGO CON EXTREMA FUERZA","8",NA,NA
"253","CARGO MAS","8",NA,NA
"254","CARGO MUCHO","8",NA,NA
"255","CAS CALMA","1","1","1"
"256","CASCARRON","1","0","0.100000001"
"257","CASI CALMA","1","1","1"
"258","CASI EN CALMA","1","1","1"
"259","CASI ENTERAMENTE CALMA","1","1","1"
"260","CAYENDO","8",NA,NA
"261","CEDIO ALGO","8",NA,NA
"262","CESANDO EL VIENTECITO","8",NA,NA
"263","chubascos","8",NA,NA
"264","chubascoso","8",NA,NA
"265","claro","8",NA,NA
"266","COMPLETAMENTE CALMA","1","0","0"
"267","CON AGUACEROS","8",NA,NA
"268","CON CALMA","1","0","0"
"269","CON CALMAS","1","0","0"
"270","CON CHUBASCOS","8",NA,NA
"271","CON EXTREMA FUERZA","4","9","22.6000004"
"272","CON FUERZA","4","9","22.6000004"
"273","CON FUGADAS","8",NA,NA
"274","CON FURIA","4","9","22.6000004"
"275","CON GARÚA","8",NA,NA
"276","CON MUCHA FURIA","4","9","22.6000004"
"277","CON MUCHA VARIEDAD Y BLANDURA","1","1","1"
"278","CON RAFAGAS","8",NA,NA
"279","CON RECIAS FUGADAS","3","7","15.3999996"
"280","CON TURBONADAS","8",NA,NA
"281","CON TURBONANCIBLEADAS","8",NA,NA
"282","CON VENTOLINAS","1","1","1"
"283","CON VIENTO","8",NA,NA
"284","constante","8",NA,NA
"285","CONSTANTE Y FRÍO","8",NA,NA
"286","CONTRARIO","8",NA,NA
"287","CONTRARIO Y MUY FUERTE","4","9","22.6000004"
"288","contrarios","8",NA,NA
"289","crecida","8",NA,NA
"290","CUANDO FLOJO Y CUANDO FRESCO","2","3","4.5999999"
"291","CUASI CALMA","1","1","1"
"292","CUASI CALMA EN TODO","1","1","1"
"293","CUASI CALMA Y MUY VARIABLE","1","1","1"
"294","CUASI CALMA Y VARIABLE","1","1","1"
"295","CUASI EN CALMA","1","1","1"
"296","DE 6 A 7 MILLAS","2","2","2.5999999"
"297","DE 6 Y 7 MILLAS","2","2","2.5999999"
"298","DE 8 Y 9 MILLAS","2","3","4.5999999"
"299","DE ALTA VELA","3","6","12.3000002"
"300","DE ALTA VELA Y EN RAFAGAS","3","6","12.3000002"
"301","DE TODA VELA","3","6","12.3000002"
"302","DE TODA VELA LARGA","3","6","12.3000002"
"303","DE TODA VELA Y VARIABLE","3","6","12.3000002"
"304","DE TODA VELA. FRESQUITO","3","6","12.3000002"
"305","DE TURBONADA","4","9","22.6000004"
"306","DE VELA LARGA","3","6","12.3000002"
"307","DECADENTE","8",NA,NA
"308","DEMASIADAMENTE FRESCO","3","6","13.1000004"
"309","DEMASIADO","8",NA,NA
"310","DEMASIADO BONANCIBLE","2","4","7.30000019"
"311","DEMASIADO FRESCO","3","6","13.1000004"
"312","DEMASIADO FUERTE","3","7","16.2999992"
"313","DESIGUAL","8",NA,NA
"314","DESIGUAL FRESCO","3","6","12.3000002"
"315","DESPUES CALMA","1","0","0"
"316","DESPUES CALMO","1","0","0"
"317","DISMINUYENDO PROGRESIVAMENTE","8",NA,NA
"318","DISMINUYENDO SU FUERZA","8",NA,NA
"319","DURISIMO","4","8","19"
"320","DURITO","3","6","12.3000002"
"321","DURO","3","7","15.3999996"
"322","DURO FRESCO","3","7","13.8999996"
"323","DUROS","3","7","15.3999996"
"324","EMPEZÓ A TOMAR FUERZA","8",NA,NA
"325","EN CALMA","1","0","0"
"326","EN CALMA HASTA LAS 16:30 QUE ENTRA POR EL ENE","1","0","0"
"327","EN FUERTE HURACAN","4","12","35"
"328","EN FUGADAS","8",NA,NA
"329","EN HURACAN","4","12","35"
"330","EN HURACAN DESHECHO","4","12","35"
"331","EN OCASIONES FUERTE Y EN OTRAS BONANCIBLE","3","7","15.3999996"
"332","EN RAFAGAS","8",NA,NA
"333","EN RÁFAGAS","8",NA,NA
"334","EN RATOS FRESCO Y EN RATOS BONANCIBLE","3","6","12.3000002"
"335","EN RATOS FRESCO Y OTROS BONANCIBLE","3","6","12.3000002"
"336","EN RATOS MUY FRESCO Y EN RATOS BONANCIBLE","3","7","15.3999996"
"337","EN REFREGONES FUERTES Y DESPUES BONANCIBLE","2","4","6.69999981"
"338","EN TIEMPOS MUY FRESCO Y MUCHOS CONTRASOLES","3","7","15.3999996"
"339","EN VECES BONANCIBLE","2","4","6.69999981"
"340","EN VECES BONANCIBLE Y EN VECES FRESQUITO","2","4","6.69999981"
"341","EN VECES BONANCIBLE Y OTRAS FRESCO","2","4","6.69999981"
"342","EN VECES BONANCIBLE Y OTRAS FRESCO Y MUY VARIABLE","2","4","6.69999981"
"343","EN VECES BONANCIBLE Y OTRAS FRESQUITO","2","4","6.69999981"
"344","EN VECES BONANCIBLE Y OTRAS MUY FRESCO","2","4","6.69999981"
"345","EN VECES BONANCIBLE Y OTRAS MUY FUERTE","2","4","6.69999981"
"346","EN VECES CALMA Y OTRAS FRESCO","1","0","0"
"347","EN VECES CALMA Y OTRAS MUY BONANCIBLE","1","0","0"
"348","EN VECES CALMOSO Y OTRAS FRESQUITO","2","2","2.5999999"
"349","EN VECES FLOJITO Y OTRAS MAS FRESQUITO","2","2","2.5999999"
"350","EN VECES FRESCO","3","6","12.3000002"
"351","EN VECES FRESCO Y EN OTRAS BONANCIBLE","3","6","12.3000002"
"352","EN VECES FRESCO Y EN VECES BONANCIBLE","3","6","12.3000002"
"353","EN VECES FRESCO Y EN VECES CALMA","3","6","12.3000002"
"354","EN VECES FRESCO Y MUY VARIABLE","3","6","12.3000002"
"355","EN VECES FRESCO Y OTRAS BONANCIBLE","3","6","12.3000002"
"356","EN VECES FRESCO Y OTRAS BONANCIBLE Y CALMA","3","6","12.3000002"
"357","EN VECES FRESCO Y OTRAS MAS BONANCIBLE","3","6","12.3000002"
"358","EN VECES FRESCO Y OTRAS MUY BONANCIBLE","3","6","12.3000002"
"359","EN VECES FRESQUITO","3","5","9.30000019"
"360","EN VECES FRESQUITO Y EN OTRAS BONANCIBLE","3","5","9.30000019"
"361","EN VECES FRESQUITO Y OTRAS BONANCIBLE","3","5","9.30000019"
"362","EN VECES FRESQUITO Y OTRAS MAS BONANCIBLE","3","5","9.30000019"
"363","EN VECES FRESQUITO Y OTRAS MUY BONANCIBLE","3","5","9.30000019"
"364","EN VECES MUY BONANCIBLE","2","4","7.30000019"
"365","EN VECES MUY BONANCIBLE Y OTRAS CALMA","2","4","7.30000019"
"366","EN VECES MUY BONANCIBLE Y OTRAS FRESCO","2","4","7.30000019"
"367","EN VECES MUY CALMO Y OTRAS BONANCIBLE","1","0","0"
"368","EN VECES MUY FRESCO","3","7","15.3999996"
"369","EN VECES MUY FRESCO Y EN OTRAS BONANCIBLE","3","7","15.3999996"
"370","EN VECES MUY FRESCO Y EN VECES BONANCIBLE","3","7","15.3999996"
"371","EN VENTOLINAS","1","1","1"
"372","EN VENTOLINAS CALMOSAS Y CALMAS","1","1","1"
"373","EN VENTOLINAS MUY VARIABLES","1","1","1"
"374","EN VEZ BONANCIBLE Y EN OTRAS FRESCO","2","4","6.69999981"
"375","EN VEZ FRESCO Y EN OTRAS BONANCIBLE","3","6","12.3000002"
"376","EN VEZ FRESCO Y EN VEZ BONANCIBLE","3","6","12.3000002"
"377","ENDEBLE","2","2","2.5999999"
"378","ENDEBLE, VARIABLE CON CALMAS","2","2","2.5999999"
"379","endebles","2","2","2.5999999"
"380","ENTABLADO","8",NA,NA
"381","ENTABLADO FRESCO","3","6","12.3000002"
"382","ENTABLADO FRESQUITO","3","5","9.30000019"
"383","ENTABLANDOSE","8",NA,NA
"384","ENTABLANDOSE LA VENTOLINA","1","1","1"
"385","ENTERAMENTE BONANCIBLE Y EN RATOS EN CALMA","2","4","6.69999981"
"386","ENTERAMENTE CALMA","1","0","0"
"387","ENTERAMENTE MUY BONANCIBLE","2","4","6.69999981"
"388","ENTRANDO","8",NA,NA
"389","ENTRE CALMAS Y BONANZAS","8",NA,NA
"390","escasa","2","2","2.5999999"
"391","ESCASEANDO","8",NA,NA
"392","ESCASO","2","2","2.5999999"
"393","ESCASO GALENO","2","2","2.5999999"
"394","ESCASO Y FRESCO","2","2","2.5999999"
"395","escasos","2","2","2.5999999"
"396","EXTREMA FUERZA","4","10","26.7999992"
"397","FAVORABLE","8",NA,NA
"398","FAVORABLE AUNQUE VACILANTE","2","4","6.69999981"
"399","FEROCIDAD EXTRAORDINARIA","8",NA,NA
"400","FERSQUITO","3","5","9.30000019"
"401","FESQUITO","3","5","9.30000019"
"402","FIJO","2","3","4.5999999"
"403","firme","8",NA,NA
"404","FLO","2","3","4.5999999"
"405","FLOGITAS","2","2","2.5999999"
"406","flogito","2","2","2.5999999"
"407","floja","2","3","4.5999999"
"408","FLOJA VENTOLINA","2","3","4.5999999"
"409","FLOJAS","2","3","4.5999999"
"410","FLOJITO","2","2","2.5999999"
"411","FLOJITO CON TURBONADAS","2","2","2.5999999"
"412","FLOJITO HASTA CALMARSE","2","2","2.5999999"
"413","FLOJITO Y BONANCIBLE","2","2","2.5999999"
"414","FLOJITO Y CALMOSO","2","2","2.5999999"
"415","FLOJITO Y MUY BONANCIBLE","2","2","2.5999999"
"416","FLOJITO Y VARIABLE","2","2","2.5999999"
"417","FLOJITOS","2","2","2.5999999"
"418","FLOJITOS Y VARIABLE","2","2","2.5999999"
"419","FLOJO","2","3","4.5999999"
"420","FLOJO AL MEDIODIA","2","3","4.5999999"
"421","FLOJO CALMOSO","2","2","2.5999999"
"422","FLOJO FRESQUITO","3","5","9.30000019"
"423","FLOJO INCONSTANTE","2","3","4.5999999"
"424","FLOJO VARIABLE","2","3","4.5999999"
"425","FLOJO VARIO","2","3","4.5999999"
"426","FLOJO Y ESCASO","2","3","4.5999999"
"427","FLOJO Y VARIABLE","2","3","4.5999999"
"428","flojos","2","3","4.5999999"
"429","FLOXA","2","2","2.5999999"
"430","FLOXITO","2","2","2.5999999"
"431","FLOXO","2","3","4.5999999"
"432","FLOXO Y SECO","2","3","4.5999999"
"433","FLOXOS","2","2","2.5999999"
"434","FORTISIMO","4","11","30.8999996"
"435","FREESCO","3","6","12.3000002"
"436","FRESCA","3","6","12.3000002"
"437","FRESCACHON","3","7","15.3999996"
"438","frescachón","3","7","15.3999996"
"439","FRESCACHÓN A FLOXO","3","7","15.3999996"
"440","frescachón a mas intenso","3","7","16.2999992"
"441","FRESCACHON CON RACHAS","3","7","15.3999996"
"442","FRESCACHON EN RAFAGAS","3","7","15.3999996"
"443","FRESCACHON PERO ESCASO","3","7","15.3999996"
"444","FRESCACHON RAFAGOSO","3","7","15.3999996"
"445","FRESCACHON VARIO","3","7","15.3999996"
"446","FRESCACHON Y VARIABLE","3","7","15.3999996"
"447","frescachona","3","7","15.3999996"
"448","FRESCACHONAZO","3","7","15.3999996"
"449","FRESCARRON","3","7","15.3999996"
"450","FRESCAS","3","6","12.3000002"
"451","FRESCI","3","6","12.3000002"
"452","FRESCO","3","6","12.3000002"
"453","FRESCO A FUGADAS","3","6","12.3000002"
"454","FRESCO A RACHAS","3","6","12.3000002"
"455","FRESCO ACHUBASCADO","3","6","12.3000002"
"456","FRESCO APACIBLE","8",NA,NA
"457","FRESCO BONANCIBLE","2","4","6.69999981"
"458","FRESCO CON AGUACEROS","3","6","12.3000002"
"459","FRESCO CON AGUAS","3","6","12.3000002"
"460","FRESCO CON RACHAS","3","6","12.3000002"
"461","FRESCO CON RAFAGAS","3","6","12.3000002"
"462","FRESCO DESIGUAL","3","6","12.3000002"
"463","FRESCO EN CHUBASQUILLOS","3","6","12.3000002"
"464","FRESCO EN RAFAGAS","3","6","12.3000002"
"465","FRESCO INCONSTANTE","3","6","12.3000002"
"466","FRESCO SEGUIDO","3","6","12.3000002"
"467","fresco VARIABLE","3","6","12.3000002"
"468","FRESCO Y BONANCIBLE","3","6","12.3000002"
"469","FRESCO Y CALMOSO","3","6","12.3000002"
"470","FRESCO Y CHUBASCOSO","3","6","12.3000002"
"471","FRESCO Y CON AGUAS MENUDAS","3","6","12.3000002"
"472","FRESCO Y CONSTANTE","3","6","12.3000002"
"473","FRESCO Y EN CHUBASCOS","3","6","12.3000002"
"474","FRESCO Y EN RAFAGAS","3","6","12.3000002"
"475","FRESCO Y EN VECES BONANCIBLE","3","6","12.3000002"
"476","FRESCO Y VARIABLE","3","6","12.3000002"
"477","FRESCO, EN PARTICULAR POR LA NOCHE","3","6","12.3000002"
"478","FRESCOL","8",NA,NA
"479","FRESCONAZO","8",NA,NA
"480","FRESCONERO","8",NA,NA
"481","frescos","3","6","12.3000002"
"482","FRESCOTE","3","6","12.3000002"
"483","FRESQITO","3","5","9.30000019"
"484","FRESQIUTO","3","5","9.30000019"
"485","FRESQUECITO","3","5","9.30000019"
"486","FRESQUESITO","3","5","9.30000019"
"487","FRESQUESITO Y ESCASO","3","5","9.30000019"
"488","FRESQUITA","3","5","9.30000019"
"489","FRESQUITO","3","5","9.30000019"
"490","FRESQUITO CALMOSO","2","2","2.5999999"
"491","FRESQUITO CASI CALMA","1","1","1"
"492","FRESQUITO RAZONABLEMENTE","3","5","9.30000019"
"493","FRESQUITO VARIABLE","3","5","9.30000019"
"494","FRESQUITO Y BONANCIBLE","3","5","9.30000019"
"495","FRESQUITO Y CALMOSO","3","5","9.30000019"
"496","FRESQUITO Y CASI SIEMPRE BONANCIBLE","3","5","9.30000019"
"497","FRESQUITO Y CONSTANTE","3","5","9.30000019"
"498","FRESQUITO Y EN RAFAGAS","3","5","9.30000019"
"499","FRESQUITO Y EN RATOS BONANCIBLE","3","5","9.30000019"
"500","FRESQUITO Y FRESCO","3","5","9.30000019"
"501","FRESQUITO Y FUGOSO","3","5","9.30000019"
"502","FRESQUITO Y VARIABLE","3","5","9.30000019"
"503","FRESQUITO Y VARIABLE CON ALGUNAS CALMAS","3","5","9.30000019"
"504","FRESQUITO.","3","5","9.30000019"
"505","FRESQUITOS","3","5","9.30000019"
"506","FRESQUTO","3","5","9.30000019"
"507","FRSQUITO","3","5","9.30000019"
"508","FUE CAYENDO","8",NA,NA
"509","FUE ESCASEANDO","8",NA,NA
"510","FUERTE","3","7","15.3999996"
"511","FUERTE HURACAN","4","12","35"
"512","FUERTE Y FUGOSO","3","7","15.3999996"
"513","FUERTE Y TORMENTOSO","3","7","15.3999996"
"514","FUERTE Y VARIABLE","3","7","15.3999996"
"515","FUERTE, PARECIA HURACAN","4","12","35"
"516","FUERTECITO","3","6","12.3000002"
"517","fuertes","3","7","15.3999996"
"518","FUERTES EN RAFAGAS","3","7","15.3999996"
"519","FUERTES FUGADAS","8",NA,NA
"520","FUERTES RACHAS","8",NA,NA
"521","FUERTES RAFAGAS","3","7","15.3999996"
"522","fuertes ráfagas","3","7","15.3999996"
"523","FUERTES RÁFRAGAS","3","7","15.3999996"
"524","FUERZA","4","9","22.6000004"
"525","FUERZA VARIA","8",NA,NA
"526","FUERZA VARIABLE","8",NA,NA
"527","FUGADAS","8",NA,NA
"528","FUGADAS BASTANTE RECIAS","8",NA,NA
"529","FUGADAS DE CHUBASCOS","8",NA,NA
"530","FUGADAS DURAS","3","7","15.3999996"
"531","fugadas huracanadas","4","12","35"
"532","FUGOSO","2","4","6.69999981"
"533","FUGOSO Y BONANCIBLE","2","4","6.69999981"
"534","FUGOSOS","2","4","6.69999981"
"535","FURIA","4","9","22.6000004"
"536","FURIOSA","4","9","22.6000004"
"537","FURIOSAMENTE","4","9","22.6000004"
"538","FURIOSAS RAFAGAS","8",NA,NA
"539","FURIOSO","4","9","22.6000004"
"540","FURIOSO INCONSTANTE","4","9","22.6000004"
"541","GALENA","2","4","6.69999981"
"542","GALENITO","2","4","6.0999999"
"543","GALENO","2","4","6.69999981"
"544","GRAN FUERZA","4","9","22.6000004"
"545","GRANDE FUERZA","4","9","22.6000004"
"546","GRUESA","8",NA,NA
"547","HABIA CAIDO ALGO","8",NA,NA
"548","HERMOSO","8",NA,NA
"549","HUBO VARIAS CALMAS","1","0","0"
"550","HURACAN","4","12","35"
"551","HURACAN DESHECHO","4","12","35"
"552","HURACANADO","4","12","35"
"553","IGUALMENTE VARIABLE EN ESCASEAR Y ALARGAR","8",NA,NA
"554","IMPETUOSO","4","9","22.6000004"
"555","INAGUANTABLE","4","8","19"
"556","INCONSTANTE","8",NA,NA
"557","inconstantes","8",NA,NA
"558","INSOPORTABLE","4","9","22.6000004"
"559","INSOPORTABLE Y A FUGADAS CONTINUAMENTE","4","9","22.6000004"
"560","INSUFRIBLE","8",NA,NA
"561","intenso","8",NA,NA
"562","INTOLERABLE","4","9","22.6000004"
"563","INTOLERABLE Y EN FUGAS","4","9","22.6000004"
"564","INTOLERABLES RAFAGAS","4","9","22.6000004"
"565","LA BRISA CON MAS FUERZA","4","9","22.6000004"
"566","LARGO","8",NA,NA
"567","LARGO BONANCIBLE","2","4","6.69999981"
"568","LEVE","8",NA,NA
"569","LLANA","8",NA,NA
"570","LLOVIOSO","8",NA,NA
"571","LO MAS DEL TIEMPO CALMA","1","0","0"
"572","LO MAS FRESCO","3","6","12.3000002"
"573","LO MISMO CON MUY POCA DIFERENCIA","8",NA,NA
"574","MANEJABLE","8",NA,NA
"575","MANTUVO","8",NA,NA
"576","MAS","8",NA,NA
"577","MÁS  Y MENOS CALMA","1","0","0"
"578","MAS APACIBLE","2","4","6.69999981"
"579","MAS APACIBLES","2","4","6.69999981"
"580","mas benigno","2","4","6.69999981"
"581","mas benignos","2","4","6.69999981"
"582","MAS BONANCIBLE","2","4","6.69999981"
"583","MÁS BONANCIBLE","2","4","7.30000019"
"584","MAS BONANZA","2","4","6.69999981"
"585","MAS CALMO","1","0","0"
"586","MÁS CALMOSA","1","0","0"
"587","MAS CALMOSO","2","2","2.5999999"
"588","MAS CONSTANTE","8",NA,NA
"589","MAS CONSTANTES","8",NA,NA
"590","MAS CONSTANTES Y FRESQUITOS","8",NA,NA
"591","MAS DURO","4","8","19"
"592","MAS ESCASO","8",NA,NA
"593","MAS FAVORABLE","8",NA,NA
"594","mas flogito","2","2","2.5999999"
"595","mas floja","2","3","4.5999999"
"596","MAS FLOJO","2","3","4.5999999"
"597","MÁS FLOJO","2","3","4.5999999"
"598","MAS FRESCA","3","6","12.3000002"
"599","MAS FRESCO","3","6","12.3000002"
"600","MÁS FRESCO","3","6","12.3000002"
"601","MAS FRESCO Y CON MAS IGUALDAD","3","6","12.3000002"
"602","MAS FRESQUITO","3","5","9.30000019"
"603","MÁS FRESQUITO","3","5","9.30000019"
"604","MAS FRESQUITO Y VARIABLE","3","5","9.30000019"
"605","MAS FUERTE","3","7","15.3999996"
"606","MAS FUERZA","4","9","22.6000004"
"607","MAS INCLINADO","8",NA,NA
"608","MAS INCREMENTADO","8",NA,NA
"609","mas intenso","8",NA,NA
"610","MAS MODERADO","2","4","6.69999981"
"611","MAS O MENOS BONANCIBLE","2","4","6.69999981"
"612","MAS O MENOS FRESCO","3","6","12.3000002"
"613","MÁS O MENOS FRESCO","3","6","12.3000002"
"614","MAS O MENOS FRESQUITO","3","5","9.30000019"
"615","MAS O MENOS FUERTE","3","7","15.3999996"
"616","MAS RECIO","3","7","15.3999996"
"617","MAS SERENO","1","0","0"
"618","MAS VECES FRESCO Y OTRAS MUY BONANCIBLE","3","6","12.3000002"
"619","MÁS VIVO","8",NA,NA
"620","MAS Y MENOS BONANCIBLE","2","4","6.69999981"
"621","MÁS Y MENOS BONANCIBLE","2","4","6.69999981"
"622","MÁS Y MENOS CALMOSO","1","1","1"
"623","MÁS Y MENOS FRESCO","3","6","12.3000002"
"624","MAS Y MENOS FRESCOS","3","6","12.3000002"
"625","MEDIANAMENTE BONANCIBLE","2","4","6.69999981"
"626","MEDIANAMENTE FRESCO","3","6","12.3000002"
"627","MEDIANAMENTE FRESCO Y CON TURBONADAS","3","6","12.3000002"
"628","MEDIANAMENTE FRESCO Y MUY VARIABLE","3","6","12.3000002"
"629","MEDIANAMENTE FRESQUITO","3","5","9.30000019"
"630","MEDIANAMENTE FUERTE","3","7","15.3999996"
"631","MEDIANAMENTE RECIO","3","7","15.3999996"
"632","MEDIANO","8",NA,NA
"633","MEDIO FRESQUITO","3","5","9.30000019"
"634","MENOS","8",NA,NA
"635","MENOS CALMOSO","1","0","0"
"636","MENOS DURO","3","7","6.69999981"
"637","MENOS FRESCO","3","6","12.3000002"
"638","MENOS FRESQUITO","8",NA,NA
"639","menos fuerte","3","7","15.3999996"
"640","menos fuertes","3","7","15.3999996"
"641","MENOS FURIOSO","4","9","22.6000004"
"642","MENOS VIENTO","8",NA,NA
"643","MISMO VIENTO","8",NA,NA
"644","MISMO VIENTO PERO EN VECES MAS BONANCIBLE","8",NA,NA
"645","MITIGADO","8",NA,NA
"646","moderada","2","4","6.69999981"
"647","MODERADO","2","4","6.69999981"
"648","MODERADO PERO INCONSTANTE","8",NA,NA
"649","MUCHA","3","7","15.3999996"
"650","MUCHA VARIEDAD","8",NA,NA
"651","MUCHAS CALMAS","1","0","0"
"652","MUCHISIMA","4","8","19"
"653","MUCHISIMO","4","8","19"
"654","MUCHO","3","7","15.3999996"
"655","MUCHO CON AGUACEROS","3","7","15.3999996"
"656","MUCHO EN RAFAGAS","3","7","15.3999996"
"657","mucho mas fresco","3","6","13.1000004"
"658","MUCHO VIENTO","3","7","15.3999996"
"659","MUERTO","1","0","0"
"660","MUI BONANCIBLE","2","4","6.69999981"
"661","MUI BONANZIBLE","2","4","6.69999981"
"662","MUI FLIJO","2","2","2.5999999"
"663","MUI FLOJITO","2","2","2.5999999"
"664","MUI FLOJO","2","2","2.5999999"
"665","MUI FLOXAS","2","2","2.5999999"
"666","MUI FLOXO","2","2","2.5999999"
"667","MUI FRESCO","3","6","13.1000004"
"668","MUI RECIO","8",NA,NA
"669","MUI VONANCIBLE","2","4","7.30000019"
"670","MUI VONANCIBLES","2","4","7.30000019"
"671","MUJY FLOJO","2","2","2.5999999"
"672","MUO FLOXO","2","2","2.5999999"
"673","muy amenazante","8",NA,NA
"674","MUY APACIBLE","2","4","7.30000019"
"675","MUY APACIBLES","2","4","7.30000019"
"676","MUY BENIGNO","2","4","7.30000019"
"677","MUY BONANCIBLE","2","4","7.30000019"
"678","MUY BONANCIBLE Y A VECES CALMA","2","4","7.30000019"
"679","MUY BONANCIBLE Y CALMA","2","4","7.30000019"
"680","MUY BONANCIBLE Y CALMAS MUY VARIABLES","2","4","7.30000019"
"681","MUY BONANCIBLE Y CALMOSO","2","4","7.30000019"
"682","MUY BONANCIBLE Y EN RATOS EN CALMA","2","4","7.30000019"
"683","MUY BONANCIBLE Y EN VECES CALMA","2","4","7.30000019"
"684","MUY BONANCIBLE Y VARIABLE","2","4","7.30000019"
"685","MUY BONANZA","2","4","7.30000019"
"686","MUY CALMA","1","0","0"
"687","MUY CALMO","1","0","0"
"688","MUY CALMOSA","2","2","2.9000001"
"689","MUY CALMOSO","2","2","2.9000001"
"690","MUY DESIGUAL","8",NA,NA
"691","MUY DURO","4","9","22.6000004"
"692","MUY ENDEBLE","2","2","2.9000001"
"693","muy escaso","2","2","2.9000001"
"694","MUY FAVORABLE","8",NA,NA
"695","MUY FLOGITO","1","1","1.20000005"
"696","MUY FLOJA","2","2","2.9000001"
"697","MUY FLOJITA","1","1","1.20000005"
"698","MUY FLOJITO","1","1","1.20000005"
"699","MUY FLOJITO Y CALMOSO","1","1","1.20000005"
"700","MUY FLOJITO Y MUY FUGOSO","1","1","1.20000005"
"701","MUY FLOJITO Y VARIABLE","1","1","1.20000005"
"702","MUY FLOJO","2","2","2.9000001"
"703","MUY FLOJO Y CALMOSO","2","2","2.9000001"
"704","MUY FLOJO Y EN PARTE CALMA","2","2","2.9000001"
"705","MUY FLOJO Y VARIABLE","2","2","2.9000001"
"706","MUY FLOJO Y VARIABLE Y CALMA","2","2","2.9000001"
"707","MUY FLOJOS","2","2","2.5999999"
"708","MUY FLOXO","2","2","2.5999999"
"709","MUY FOJO","2","2","2.5999999"
"710","MUY FRESCA","3","6","12.3000002"
"711","MUY FRESCACHÓN","3","7","16.2999992"
"712","MUY FRESCO","3","7","15.3999996"
"713","MUY FRESCO PERO VARIABLE","3","7","15.3999996"
"714","MUY FRESCO Y CHUBASCOSO","3","7","15.3999996"
"715","MUY FRESCO Y CON CHUBASCOS","3","7","15.3999996"
"716","MUY FRESCOS","3","7","15.3999996"
"717","muy fresquito","3","5","10"
"718","MUY FUERTE","3","7","16.2999992"
"719","MUY FUERTE COMO HURACAN","4","12","35"
"720","MUY FUERTE Y VARIABLE","3","7","16.2999992"
"721","MUY FUERTES","3","7","16.2999992"
"722","MUY FUGOSO","8",NA,NA
"723","MUY FURIOSO","4","9","22.6000004"
"724","MUY HERMOSO","8",NA,NA
"725","MUY INCONSTANTE","8",NA,NA
"726","MUY MUERTO","1","0","0"
"727","MUY MUY FRESCO","3","7","17.1000004"
"728","MUY PACIFICO","1","0","0"
"729","MUY PIQUERO","8",NA,NA
"730","MUY PIQUERO Y BONANCIBLE","8",NA,NA
"731","MUY POCA","8",NA,NA
"732","MUY POCA FUERZA","8",NA,NA
"733","MUY POCO","1","1","1"
"734","MUY POCO VIENTO","1","1","1"
"735","MUY RECIA LA BRISA","3","7","16.2999992"
"736","MUY RECIO","3","7","16.2999992"
"737","MUY RECIO EN RAFAGAS","3","7","16.2999992"
"738","MUY RECIO Y EN FUGAS","3","7","16.2999992"
"739","MUY RECIO Y VARIABLE","3","7","16.2999992"
"740","MUY RIGUROSO","8",NA,NA
"741","MUY SUAVE","2","3","4.5999999"
"742","MUY TORMENTOSO","4","9","23.5"
"743","MUY VARIABLE","8",NA,NA
"744","MUY VARIABLE Y BONANCIBLE DEL NO AL N Y NE","8",NA,NA
"745","MUY VARIABLE Y CALMOSO","8",NA,NA
"746","MUY VARIABLE Y EN VENTOLINAS","8",NA,NA
"747","MUY VARIABLE Y FRESCACHON","8",NA,NA
"748","MUY VARIABLE Y FRESQUITO","8",NA,NA
"749","MUY VARIABLES","8",NA,NA
"750","MUY VARIABLES Y CALMOSOS","8",NA,NA
"751","MUY VARIO","8",NA,NA
"752","MUY VONANCIBLE","2","4","6.69999981"
"753","NEBLINOSO","8",NA,NA
"754","NO DEL TODO MUY FRESCO","8",NA,NA
"755","NO FRESCO","3","6","11.6000004"
"756","NO FUERTE","3","7","14.6999998"
"757","NO HA HABIDO","8",NA,NA
"758","NO MUY BONANCIBLE","2","4","6.0999999"
"759","NO MUY FRESCO","3","6","11.6000004"
"760","NO MUY FUERTE","3","7","14.6999998"
"761","NO MUY RECIO","4","8","18.1000004"
"762","NO TAN FRESCO","3","6","11.6000004"
"763","NO TAN FRESCO COMO AYER","3","6","11.6000004"
"764","NO TAN FRESCO COMO EL ANTERIOR","3","6","11.6000004"
"765","NO TAN FUERTE","3","7","14.6999998"
"766","NOTABLE INCREMENTO","8",NA,NA
"767","NOTABLEMENTE INCREMENTANDO","8",NA,NA
"768","OTRAS BONANCIBLE","8",NA,NA
"769","PACIFICO","1","0","0"
"770","PAMPERILLO","3","6","12.3000002"
"771","PAMPERO","3","7","15.3999996"
"772","PAMPERO DURO","4","8","19"
"773","PAMPERO FRESCACHON","3","7","15.3999996"
"774","PAMPERO FRESCO","3","6","12.3000002"
"775","PAPAIGOS","8",NA,NA
"776","PERFECTA CALMA","1","0","0"
"777","PICARON","8",NA,NA
"778","POCA","2","2","2.5999999"
"779","POCA VENTOLINA","2","2","2.5999999"
"780","POCO","2","2","2.5999999"
"781","POCO A FRESCO","8",NA,NA
"782","POCO FRESCO","3","6","11.6000004"
"783","POCO MAS BONANCIBLE","2","4","7.30000019"
"784","POCO SUAVE","8",NA,NA
"785","POCO VIENTECITO","2","2","2.5999999"
"786","POCO VIENTO","2","2","2.5999999"
"787","POCO Y ALGO VARIABLE","2","2","2.5999999"
"788","POQUÍSIMO","8",NA,NA
"789","POQUITO VIENTO","2","2","2"
"790","POR LA PROA","8",NA,NA
"791","PROA","8",NA,NA
"792","quasi calma","1","1","1"
"793","QUASI EN CALMA","1","1","1"
"794","RACHAS","8",NA,NA
"795","RACHAS DE VIENTO","8",NA,NA
"796","RACHAS ENTABLADO","8",NA,NA
"797","RAFAGAS","8",NA,NA
"798","ráfagas","8",NA,NA
"799","RAFAGAS ENORMEMENTE IMPETUOSAS","8",NA,NA
"800","RAFAGAS RECIAS","8",NA,NA
"801","ráfagas sin cesar","8",NA,NA
"802","RAFAGAS VIOLENTAS","8",NA,NA
"803","RAZONABLEMENTE FRESQUITO","3","5","9.30000019"
"804","RECALMÓN","2","2","2.5999999"
"805","RECALMONES","2","2","2.5999999"
"806","RECALMOSO","2","2","2.5999999"
"807","RECIAS FUGADAS","3","7","15.3999996"
"808","recias ráfagas","8",NA,NA
"809","RECIO","3","7","15.3999996"
"810","RECIO A FUGADAS","8",NA,NA
"811","RECIO CON APARIENCIA DE MAL TIEMPO","8",NA,NA
"812","RECIO CON REPETIDAS FUGADAS","8",NA,NA
"813","RECIO CON REPETIDOS AGUACEROS","3","7","15.3999996"
"814","RECIO Y A FUGADAS","3","7","15.3999996"
"815","RECIO Y VARIABLE","3","7","15.3999996"
"816","RECIOS","8",NA,NA
"817","REFRESCA - FLOXO","3","6","12.6000004"
"818","REFRESCADO","3","6","12.6000004"
"819","REFRESCADO MUCHO","8",NA,NA
"820","REFRESCANDO","3","6","12.6000004"
"821","REFRESCANDO LA BRISA","3","6","12.6000004"
"822","REFRESCANDO MUCHO","3","6","12.6000004"
"823","REFRESCAR","3","6","12.6000004"
"824","REFRESCO","3","6","12.6000004"
"825","REFRESCÓ","3","6","12.6000004"
"826","REFRESCO ALGO","3","6","12.6000004"
"827","REFRESCO MAS","3","6","12.6000004"
"828","REGULAR","8",NA,NA
"829","REGULARCITO","8",NA,NA
"830","REGULARMENTE ENTABLADOS","8",NA,NA
"831","REGULARMENTE FRESCO","3","6","12.6000004"
"832","RIGIDEZ REGULAR","8",NA,NA
"833","RIGUROSO","3","7","15.3999996"
"834","ROLANDO","8",NA,NA
"835","SE EMPEZO A PONER VARIABLE","8",NA,NA
"836","SE QUEDO ALGUN TANTO EL VIENTO","8",NA,NA
"837","SEGUIDO","8",NA,NA
"838","SER TORMENTA","4","9","22.6000004"
"839","SERENO","8",NA,NA
"840","SIGUIO LA VENTOLINA VARIABLE","8",NA,NA
"841","SIN MALICIA","8",NA,NA
"842","SIN VIENTO ALGUNO","1","0","0"
"843","SOPLANDO BIEN","8",NA,NA
"844","SOPLANDO DECLARADO","8",NA,NA
"845","SOPLANDO REGULARMENTE FRESCA","8",NA,NA
"846","SOPLOS","8",NA,NA
"847","SOSEGADO","1","1","1"
"848","SUABE","1","1","1"
"849","SUAVE","1","1","1"
"850","SUAVE E INCONSTANTE","1","1","1"
"851","SUBSISTE FRESCO","8",NA,NA
"852","SUBSISTIO","8",NA,NA
"853","SUMAMENTE DURO","3","7","15.3999996"
"854","SUMAMENTE FLOJA","2","3","4.5999999"
"855","SUMAMENTE FLOJITO","2","2","2.9000001"
"856","SUMAMENTE FLOJO","2","3","4.9000001"
"857","SUMAMENTE FLOXO","2","3","4.5999999"
"858","SUMAMENTE FRESCO","3","7","16.2999992"
"859","SUMAMENTE FRESCO Y MUY VARIABLE","3","7","16.2999992"
"860","SUMAMENTE FUERTE","3","7","16.2999992"
"861","SUMAMENTE FUERTE, COMO ESPECIE DE HURACAN","4","12","35"
"862","SUMAMENTE MUY FRESCO","3","6","13.1000004"
"863","SUMAMENTE MUY RECIO","3","7","16.2999992"
"864","SUMAMENTE RECIO","3","7","16.2999992"
"865","SUMAMENTE RECIOS","3","7","16.2999992"
"866","SUMAMENTE TEMPESTUOSO","4","9","23.5"
"867","SUMAMENTE VARIABLE","8",NA,NA
"868","TAN FRESCO","3","6","13.1000004"
"869","TAN RECIO QUE NO SE VE MAS QUE UN PURO POLVO DEL COLOR DEL ARCO IRIS","4","8","19"
"870","TAN RECIO QUE TODA LA BAHIA ES UN BORRADO","3","7","16.2999992"
"871","TAN SUMAMENTE FUERTE","3","7","16.2999992"
"872","tempestad","4","9","22.6000004"
"873","TEMPESTUOSO","4","9","22.6000004"
"874","TEMPORAL","4","9","22.6000004"
"875","TENACES","8",NA,NA
"876","TENAZ","8",NA,NA
"877","TERRAL","8",NA,NA
"878","TERRAL FLOJO","8",NA,NA
"879","TERRALES","8",NA,NA
"880","TERRIBLE","8",NA,NA
"881","terrible furia","8",NA,NA
"882","TESA","8",NA,NA
"883","TOMAR FUERZA","8",NA,NA
"884","TORMENTA","4","9","22.6000004"
"885","TORMENTOSO","4","9","22.6000004"
"886","tormentoso VARIABLE","4","9","22.6000004"
"887","TOTAL CALMA","1","0","0"
"888","TOTALMENTE CALMA","1","0","0"
"889","turbonada","4","9","22.6000004"
"890","TURBONADAS","4","9","22.6000004"
"891","turbonadas VARIABLES","4","9","22.6000004"
"892","TURBONANCIBLEADA CON MUCHO VIENTO Y AGUA","8",NA,NA
"893","UN POCO CALMOSO","8",NA,NA
"894","UN POCO MAS BONANCIBLE","2","4","6.69999981"
"895","UN POCO MENOS FUERTE","3","7","14.6999998"
"896","UN POQUITO MÁS FRESCO","8",NA,NA
"897","UNAS VECES FRESQUITO Y OTRAS CALMOSO","3","5","9.30000019"
"898","VA A MÁS BONANCIBLE","2","4","6.69999981"
"899","VA A MÁS FLOJO","2","3","4.9000001"
"900","VA A MENOS","8",NA,NA
"901","VARIA","8",NA,NA
"902","VARIABLE","8",NA,NA
"903","VARIABLE AL NNE FRESQUITO","8",NA,NA
"904","VARIABLE CALMOSO Y CONTRARIO","2","2","2.5999999"
"905","VARIABLE CON CALMAS","8",NA,NA
"906","VARIABLE DE TODA VELA","3","6","12.3000002"
"907","VARIABLE E IMPETUOSO","8",NA,NA
"908","VARIABLE E INAGUANTABLE","8",NA,NA
"909","VARIABLE E INCONSTANTE, SIEMPRE BONANCIBLE","2","4","4.5999999"
"910","VARIABLE EN EL 1º CUADRANTE, FRESCO Y A FUGADAS","3","6","12.3000002"
"911","VARIABLE EN VENTOLINAS","8",NA,NA
"912","VARIABLE EN VENTOLINAS CALMOSAS","8",NA,NA
"913","VARIABLE Y APACIBLE","8",NA,NA
"914","VARIABLE Y BONANCIBLE","8",NA,NA
"915","VARIABLE Y CALMOSO","8",NA,NA
"916","VARIABLE Y CASI CALMA","8",NA,NA
"917","VARIABLE Y FLOJITO","8",NA,NA
"918","VARIABLE Y FLOJO","8",NA,NA
"919","VARIABLE Y FRESCACHON","8",NA,NA
"920","VARIABLE Y FRESCO","8",NA,NA
"921","VARIABLE Y FRESQUITO","8",NA,NA
"922","VARIABLE Y MUY FLOJO","8",NA,NA
"923","VARIABLE Y MUY RECIO","8",NA,NA
"924","VARIABLE Y RECIO","8",NA,NA
"925","VARIABLE Y TORMENTOSO","8",NA,NA
"926","VARIABLE, CALMOSO Y CALMA","2","2","2.5999999"
"927","VARIABLE, FRESCO Y A FUGADAS","3","6","12.3000002"
"928","VARIABLE, FRESCO Y BONANCIBLE","3","6","12.3000002"
"929","VARIABLE, FRESCO Y CALMOSO","3","6","12.3000002"
"930","VARIABLES","8",NA,NA
"931","VARIABLES fresquitos","8",NA,NA
"932","VARIANDO","8",NA,NA
"933","VARIEDAD","8",NA,NA
"934","VARIO","8",NA,NA
"935","VARIO Y FLOJO","8",NA,NA
"936","VARIOS","8",NA,NA
"937","VARIOS Y DEBILES","8",NA,NA
"938","VBVE","8",NA,NA
"939","VENTANDO LA BRISA FRESQUITA","3","5","9.30000019"
"940","VENTOLINA","1","1","1"
"941","VENTOLINA A FRESCO","3","6","12.3000002"
"942","VENTOLINA ALARGADA AUNQUE CALMOSA","8",NA,NA
"943","VENTOLINA CALMA","1","0","0"
"944","VENTOLINA CALMOSA","2","2","2.5999999"
"945","VENTOLINA CASI CALMA","1","1","1"
"946","VENTOLINA CON SU RIGIDEZ HABITUAL","8",NA,NA
"947","VENTOLINA CUASI CALMA","1","1","1"
"948","VENTOLINA DE TODA VELA","3","6","12.3000002"
"949","VENTOLINA FLOGITA","2","2","2.5999999"
"950","VENTOLINA FLOJA","2","3","4.5999999"
"951","VENTOLINA FLOJÍSIMA","2","3","4.9000001"
"952","VENTOLINA FLOJITA","2","2","2.5999999"
"953","VENTOLINA FLOXA","2","2","2.5999999"
"954","VENTOLINA FOXA","2","2","2.5999999"
"955","VENTOLINA MAS FRESCA","3","6","13.1000004"
"956","VENTOLINA MÁS FRESCA","3","6","13.1000004"
"957","VENTOLINA MUI FLOJA","2","3","4.9000001"
"958","VENTOLINA MUI FLOXA","2","3","4.9000001"
"959","VENTOLINA MUY CALMOSA","2","2","2.9000001"
"960","VENTOLINA MUY FLOJA","2","3","4.9000001"
"961","VENTOLINA MUY FLOXA","2","3","4.9000001"
"962","VENTOLINA MUY FLOXO","2","3","4.9000001"
"963","VENTOLINA MUY SUABE","1","1","1"
"964","VENTOLINA RECALMOSA","8",NA,NA
"965","VENTOLINA SUAVE","1","1","1"
"966","VENTOLINA SUMAMENTE FLOJA","2","3","4.9000001"
"967","VENTOLINA SUMAMENTE FLOXA","2","3","4.9000001"
"968","VENTOLINA VARIABLE","8",NA,NA
"969","VENTOLINA VONANCIBLE","2","4","6.69999981"
"970","VENTOLINAS","1","1","1"
"971","VENTOLINAS BASTANTE FLOJAS","2","3","4.5999999"
"972","ventolinas calmosa","2","2","2.5999999"
"973","VENTOLINAS CALMOSAS","2","2","2.5999999"
"974","VENTOLINAS DE TODAS PARTES","8",NA,NA
"975","VENTOLINAS DE TODOS LOS CUADRANTES","8",NA,NA
"976","VENTOLINAS DE VARIAS PARTES","8",NA,NA
"977","VENTOLINAS FLOJAS","2","3","4.5999999"
"978","VENTOLINAS FLOJITAS","2","2","2.5999999"
"979","VENTOLINAS FLOXAS","2","2","2.5999999"
"980","VENTOLINAS MUY BONANCIBLES","2","4","6.69999981"
"981","VENTOLINAS MUY CALMOSAS","2","2","2.9000001"
"982","VENTOLINAS MUY FLOJAS","2","3","4.9000001"
"983","VENTOLINAS MUY FLOJAS Y VARIABLES","2","3","4.9000001"
"984","VENTOLINAS MUY VARIABLES","8",NA,NA
"985","VENTOLINAS PERDIDAS","8",NA,NA
"986","VENTOLINAS SUMAMENTE FLOJAS","2","3","4.9000001"
"987","VENTOLINAS VARIABLES","8",NA,NA
"988","VENTOLINAS VARIAS","8",NA,NA
"989","VENTOLINAS VARIAS INCONSTANTES","8",NA,NA
"990","VENTOLINILLA","8",NA,NA
"991","ventoso","8",NA,NA
"992","ventosos","8",NA,NA
"993","VIENTECITO","8",NA,NA
"994","VIENTECITO APARENTE","8",NA,NA
"995","VIENTECITO ENTABLADO","8",NA,NA
"996","VIENTECITO FAVORABLE","2","2","2.5999999"
"997","VIENTO FLOJO","2","3","4.5999999"
"998","VIENTO FORMAL","8",NA,NA
"999","VIENTO FRESCO","3","6","12.3000002"
"1000","VIENTO FRESQUITO","3","5","9.30000019"
"1001","VIENTO GENERAL","8",NA,NA
"1002","VIENTO GENERAL FRESQUITO","3","5","9.30000019"
"1003","VIENTO GENERAL SIGUE FRESQUITO","3","5","9.30000019"
"1004","VIENTO MODERADO","8",NA,NA
"1005","VIENTOA","8",NA,NA
"1006","VIENTOS","8",NA,NA
"1007","VIENTOS CONTRARIOS","8",NA,NA
"1008","VIENTOS FLOJOS","2","3","4.5999999"
"1009","VIVITO","3","6","12.3000002"
"1010","VIVO","3","7","15.3999996"
"1011","VONANCIBLE","2","4","6.69999981"
"1012","VONANCIBLES","2","4","6.69999981"
"1013","VONANCIBÑE","2","4","6.69999981"
"1014","VONANZIBLE","2","4","6.69999981"
"1015","VONAZIBLE","2","4","6.69999981"
"1016","VTO FRESCO","3","6","12.3000002"
"1017","YA FRESCO, YA GALENO","3","6","12.3000002"
"1018","YA FRESQUITO, YA BONANCIBLE","3","5","8"
"1019","YA RECIO YA MODERADO","8",NA,NA
